product_id,product_name,category,subcategory,cost_price
P0001,Decor Product 1,Home,Decor,4841.71
P0002,Science Product 2,Books,Science,3015.7
P0003,Headphones Product 3,Electronics,Headphones,2838.72
P0004,Kitchen Product 4,Home,Kitchen,3383.57
P0005,Fitness Product 5,Sports,Fitness,3265.52
P0006,History Product 6,Books,History,189.33
P0007,Kitchen Product 7,Home,Kitchen,4760.73
P0008,Appliances Product 8,Home,Appliances,1040.83
P0009,Jeans Product 9,Clothing,Jeans,478.11
P0010,Laptop Product 10,Electronics,Laptop,3343.45
P0011,Cricket Product 11,Sports,Cricket,3026.51
P0012,Jeans Product 12,Clothing,Jeans,986.15
P0013,Cricket Product 13,Sports,Cricket,3633.8
P0014,Tablet Product 14,Electronics,Tablet,1885.07
P0015,Jackets Product 15,Clothing,Jackets,3091.92
P0016,Science Product 16,Books,Science,2716.65
P0017,Appliances Product 17,Home,Appliances,4529.47
P0018,Shoes Product 18,Clothing,Shoes,3423.7
P0019,Tennis Product 19,Sports,Tennis,2362.23
P0020,  APPLIANCES PRODUCT 20  ,Home,Appliances,2564.24
P0021,Science Product 21,Books,Science,4102.77
P0022,Cricket Product 22,Sports,Cricket,4377.71
P0023,Tablet Product 23,Electronics,Tablet,4383.17
P0024,Fitness Product 24,Sports,Fitness,3585.86
P0025,Fitness Product 25,Sports,Fitness,1496.81
P0026,Shoes Product 26,Clothing,Shoes,2301.66
P0027,Cricket Product 27,Sports,Cricket,4172.13
P0028,Phone Product 28,Electronics,Phone,4101.85
P0029,Furniture Product 29,Home,Furniture,2132.99
P0030,History Product 30,Books,History,1255.31
P0031,Headphones Product 31,Electronics,Headphones,1200.24
P0032,Furniture Product 32,Home,Furniture,4211.96
P0033,Kitchen Product 33,Home,Kitchen,774.24
P0034,Appliances Product 34,Home,Appliances,3510.75
P0035,Jackets Product 35,Clothing,Jackets,2298.15
P0036,Laptop Product 36,Electronics,Laptop,193.12
P0037,Jeans Product 37,Clothing,Jeans,2789.14
P0038,Tennis Product 38,Sports,Tennis,644.82
P0039,Kitchen Product 39,Home,Kitchen,1575.64
P0040,  PHONE PRODUCT 40  ,Electronics,Phone,2157.15
P0041,Tennis Product 41,Sports,Tennis,407.76
P0042,Fiction Product 42,Books,Fiction,3196.58
P0043,Cricket Product 43,Sports,Cricket,3620.87
P0044,Appliances Product 44,Home,Appliances,107.67
P0045,Kitchen Product 45,Home,Kitchen,2896.25
P0046,Shirts Product 46,Clothing,Shirts,2665.07
P0047,Furniture Product 47,Home,Furniture,4771.68
P0048,Fitness Product 48,Sports,Fitness,2013.22
P0049,Fiction Product 49,Books,Fiction,3214.79
P0050,Decor Product 50,Home,Decor,3761.85
P0051,Furniture Product 51,Home,Furniture,1789.53
P0052,Headphones Product 52,Electronics,Headphones,753.71
P0053,Decor Product 53,Home,Decor,4086.19
P0054,Jackets Product 54,Clothing,Jackets,4906.01
P0055,Science Product 55,Books,Science,4076.34
P0056,Tablet Product 56,Electronics,Tablet,281.22
P0057,Shirts Product 57,Clothing,Shirts,3976.44
P0058,Headphones Product 58,Electronics,Headphones,4673.52
P0059,Tennis Product 59,Sports,Tennis,4946.7
P0060,  TENNIS PRODUCT 60  ,Sports,Tennis,1341.24
P0061,Shoes Product 61,Clothing,Shoes,1849.17
P0062,Headphones Product 62,Electronics,Headphones,1438.76
P0063,Appliances Product 63,Home,Appliances,4458.48
P0064,Technology Product 64,Books,Technology,1761.28
P0065,Jackets Product 65,Clothing,Jackets,3491.14
P0066,Decor Product 66,Home,Decor,4025.63
P0067,Fiction Product 67,Books,Fiction,2209.98
P0068,Shoes Product 68,Clothing,Shoes,1673.94
P0069,Headphones Product 69,Electronics,Headphones,3338.5
P0070,Appliances Product 70,Home,Appliances,3052.85
P0071,Science Product 71,Books,Science,3479.85
P0072,Appliances Product 72,Home,Appliances,307.54
P0073,Appliances Product 73,Home,Appliances,1445.32
P0074,Laptop Product 74,Electronics,Laptop,3388.8
P0075,History Product 75,Books,History,2614.12
P0076,Shirts Product 76,Clothing,Shirts,799.62
P0077,Tennis Product 77,Sports,Tennis,270.51
P0078,Phone Product 78,Electronics,Phone,3914.73
P0079,Decor Product 79,Home,Decor,1975.99
P0080,  FITNESS PRODUCT 80  ,Sports,Fitness,3064.96
P0081,History Product 81,Books,History,1922.87
P0082,Phone Product 82,Electronics,Phone,2694.35
P0083,History Product 83,Books,History,3282.85
P0084,Shirts Product 84,Clothing,Shirts,226.98
P0085,Jackets Product 85,Clothing,Jackets,2636.95
P0086,Fitness Product 86,Sports,Fitness,1382.71
P0087,Appliances Product 87,Home,Appliances,1151.4
P0088,Football Product 88,Sports,Football,3500.51
P0089,Science Product 89,Books,Science,700.92
P0090,Tablet Product 90,Electronics,Tablet,946.02
P0091,Fiction Product 91,Books,Fiction,4071.51
P0092,Decor Product 92,Home,Decor,3576.75
P0093,Football Product 93,Sports,Football,4467.53
P0094,Jeans Product 94,Clothing,Jeans,3989.11
P0095,Cricket Product 95,Sports,Cricket,694.68
P0096,Jeans Product 96,Clothing,Jeans,1260.01
P0097,Fiction Product 97,Books,Fiction,1868.39
P0098,Football Product 98,Sports,Football,2390.29
P0099,Cricket Product 99,Sports,Cricket,3098.55
P0100,  LAPTOP PRODUCT 100  ,Electronics,Laptop,1615.52
P0101,Technology Product 101,Books,Technology,3868.91
P0102,Fitness Product 102,Sports,Fitness,714.1
P0103,Furniture Product 103,Home,Furniture,2304.88
P0104,Football Product 104,Sports,Football,728.84
P0105,Cricket Product 105,Sports,Cricket,3862.13
P0106,Jackets Product 106,Clothing,Jackets,2564.03
P0107,Laptop Product 107,Electronics,Laptop,2638.7
P0108,Kitchen Product 108,Home,Kitchen,893.64
P0109,Shoes Product 109,Clothing,Shoes,4742.67
P0110,Football Product 110,Sports,Football,4245.08
P0111,Kitchen Product 111,Home,Kitchen,3211.78
P0112,Football Product 112,Sports,Football,713.33
P0113,Furniture Product 113,Home,Furniture,2562.61
P0114,Jeans Product 114,Clothing,Jeans,938.88
P0115,Football Product 115,Sports,Football,4228.4
P0116,Fitness Product 116,Sports,Fitness,4143.66
P0117,Laptop Product 117,Electronics,Laptop,322.76
P0118,Football Product 118,Sports,Football,3290.54
P0119,Tennis Product 119,Sports,Tennis,3128.73
P0120,  TABLET PRODUCT 120  ,Electronics,Tablet,4456.08
P0121,Football Product 121,Sports,Football,3245.35
P0122,Appliances Product 122,Home,Appliances,1299.9
P0123,History Product 123,Books,History,2322.37
P0124,Phone Product 124,Electronics,Phone,2254.07
P0125,Technology Product 125,Books,Technology,1099.71
P0126,Cricket Product 126,Sports,Cricket,1631.65
P0127,Decor Product 127,Home,Decor,4879.33
P0128,Shoes Product 128,Clothing,Shoes,2623.4
P0129,Headphones Product 129,Electronics,Headphones,1284.52
P0130,Headphones Product 130,Electronics,Headphones,2303.02
P0131,Shirts Product 131,Clothing,Shirts,347.97
P0132,Technology Product 132,Books,Technology,1316.52
P0133,Shoes Product 133,Clothing,Shoes,4675.38
P0134,Kitchen Product 134,Home,Kitchen,3839.29
P0135,Technology Product 135,Books,Technology,2543.92
P0136,Appliances Product 136,Home,Appliances,213.56
P0137,Technology Product 137,Books,Technology,4836.76
P0138,Shoes Product 138,Clothing,Shoes,338.42
P0139,Appliances Product 139,Home,Appliances,3027.84
P0140,  HISTORY PRODUCT 140  ,Books,History,2729.78
P0141,Tablet Product 141,Electronics,Tablet,756.28
P0142,Decor Product 142,Home,Decor,3842.9
P0143,Furniture Product 143,Home,Furniture,2062.85
P0144,Cricket Product 144,Sports,Cricket,1876.37
P0145,Furniture Product 145,Home,Furniture,1993.11
P0146,History Product 146,Books,History,4144.03
P0147,Fitness Product 147,Sports,Fitness,730.45
P0148,Tablet Product 148,Electronics,Tablet,1928.67
P0149,Decor Product 149,Home,Decor,3799.33
P0150,Jackets Product 150,Clothing,Jackets,2550.38
P0151,Laptop Product 151,Electronics,Laptop,771.48
P0152,Appliances Product 152,Home,Appliances,2644.73
P0153,Jeans Product 153,Clothing,Jeans,1707.03
P0154,Football Product 154,Sports,Football,896.26
P0155,Football Product 155,Sports,Football,3009.25
P0156,Tennis Product 156,Sports,Tennis,3572.83
P0157,Appliances Product 157,Home,Appliances,4097.17
P0158,Decor Product 158,Home,Decor,3401.65
P0159,History Product 159,Books,History,4004.1
P0160,  TABLET PRODUCT 160  ,Electronics,Tablet,1401.1
P0161,Cricket Product 161,Sports,Cricket,3634.86
P0162,Tennis Product 162,Sports,Tennis,935.51
P0163,Tennis Product 163,Sports,Tennis,824.1
P0164,Shirts Product 164,Clothing,Shirts,2905.59
P0165,Phone Product 165,Electronics,Phone,192.79
P0166,Appliances Product 166,Home,Appliances,842.01
P0167,Jackets Product 167,Clothing,Jackets,2558.92
P0168,Tennis Product 168,Sports,Tennis,4376.81
P0169,Phone Product 169,Electronics,Phone,2641.55
P0170,Football Product 170,Sports,Football,4990.8
P0171,Technology Product 171,Books,Technology,1637.39
P0172,Jackets Product 172,Clothing,Jackets,4569.41
P0173,Decor Product 173,Home,Decor,3411.76
P0174,Appliances Product 174,Home,Appliances,1042.09
P0175,Shoes Product 175,Clothing,Shoes,2834.62
P0176,Shoes Product 176,Clothing,Shoes,3878.75
P0177,Jackets Product 177,Clothing,Jackets,1653.5
P0178,Decor Product 178,Home,Decor,1510.17
P0179,Tennis Product 179,Sports,Tennis,4489.23
P0180,  HISTORY PRODUCT 180  ,Books,History,4777.58
P0181,Shoes Product 181,Clothing,Shoes,306.13
P0182,Headphones Product 182,Electronics,Headphones,4627.65
P0183,Appliances Product 183,Home,Appliances,1148.54
P0184,Football Product 184,Sports,Football,4671.82
P0185,Kitchen Product 185,Home,Kitchen,635.21
P0186,Cricket Product 186,Sports,Cricket,1288.04
P0187,Cricket Product 187,Sports,Cricket,3225.93
P0188,Laptop Product 188,Electronics,Laptop,2125.18
P0189,Fiction Product 189,Books,Fiction,3437.84
P0190,Shirts Product 190,Clothing,Shirts,4826.14
P0191,Jackets Product 191,Clothing,Jackets,3299.17
P0192,Technology Product 192,Books,Technology,3287.64
P0193,Decor Product 193,Home,Decor,1498.54
P0194,Laptop Product 194,Electronics,Laptop,3296.26
P0195,Shirts Product 195,Clothing,Shirts,4574.83
P0196,Jackets Product 196,Clothing,Jackets,4423.0
P0197,Shirts Product 197,Clothing,Shirts,4986.14
P0198,Technology Product 198,Books,Technology,1012.93
P0199,Furniture Product 199,Home,Furniture,145.41
P0200,  FITNESS PRODUCT 200  ,Sports,Fitness,4649.43
P0201,Decor Product 201,Home,Decor,2326.31
P0202,Tennis Product 202,Sports,Tennis,4457.37
P0203,Jackets Product 203,Clothing,Jackets,1436.9
P0204,Headphones Product 204,Electronics,Headphones,896.22
P0205,History Product 205,Books,History,3621.13
P0206,Headphones Product 206,Electronics,Headphones,3974.76
P0207,Cricket Product 207,Sports,Cricket,959.93
P0208,Technology Product 208,Books,Technology,2624.88
P0209,Tablet Product 209,Electronics,Tablet,3379.35
P0210,Jeans Product 210,Clothing,Jeans,2439.53
P0211,Shirts Product 211,Clothing,Shirts,1377.85
P0212,Jackets Product 212,Clothing,Jackets,3793.41
P0213,Decor Product 213,Home,Decor,2954.06
P0214,Fitness Product 214,Sports,Fitness,1381.61
P0215,Kitchen Product 215,Home,Kitchen,404.41
P0216,Tablet Product 216,Electronics,Tablet,1603.35
P0217,History Product 217,Books,History,3482.42
P0218,Decor Product 218,Home,Decor,3111.66
P0219,Jeans Product 219,Clothing,Jeans,2443.09
P0220,  HISTORY PRODUCT 220  ,Books,History,2137.64
P0221,Tennis Product 221,Sports,Tennis,3811.02
P0222,Jeans Product 222,Clothing,Jeans,3433.68
P0223,Fitness Product 223,Sports,Fitness,2674.98
P0224,Football Product 224,Sports,Football,482.7
P0225,Fitness Product 225,Sports,Fitness,402.61
P0226,Cricket Product 226,Sports,Cricket,2906.24
P0227,Jeans Product 227,Clothing,Jeans,1707.78
P0228,Tennis Product 228,Sports,Tennis,669.58
P0229,Jackets Product 229,Clothing,Jackets,545.61
P0230,Tennis Product 230,Sports,Tennis,4062.59
P0231,Science Product 231,Books,Science,2614.91
P0232,Fiction Product 232,Books,Fiction,2838.11
P0233,Furniture Product 233,Home,Furniture,2040.15
P0234,Phone Product 234,Electronics,Phone,2933.73
P0235,Tablet Product 235,Electronics,Tablet,1788.19
P0236,Laptop Product 236,Electronics,Laptop,4679.46
P0237,Tablet Product 237,Electronics,Tablet,255.5
P0238,Science Product 238,Books,Science,3867.96
P0239,History Product 239,Books,History,4965.0
P0240,  TECHNOLOGY PRODUCT 240  ,Books,Technology,4361.14
P0241,Technology Product 241,Books,Technology,493.22
P0242,Cricket Product 242,Sports,Cricket,3302.32
P0243,Furniture Product 243,Home,Furniture,974.52
P0244,Tennis Product 244,Sports,Tennis,2691.33
P0245,Shirts Product 245,Clothing,Shirts,3805.28
P0246,Appliances Product 246,Home,Appliances,3400.15
P0247,Tennis Product 247,Sports,Tennis,2706.47
P0248,Jeans Product 248,Clothing,Jeans,2357.06
P0249,Shoes Product 249,Clothing,Shoes,1023.55
P0250,Laptop Product 250,Electronics,Laptop,4066.44
P0251,Fiction Product 251,Books,Fiction,1279.26
P0252,Laptop Product 252,Electronics,Laptop,3010.33
P0253,Fiction Product 253,Books,Fiction,1299.2
P0254,Tablet Product 254,Electronics,Tablet,2250.92
P0255,Cricket Product 255,Sports,Cricket,3796.49
P0256,Phone Product 256,Electronics,Phone,2569.09
P0257,Kitchen Product 257,Home,Kitchen,4097.35
P0258,Football Product 258,Sports,Football,2929.63
P0259,Kitchen Product 259,Home,Kitchen,1578.65
P0260,  JEANS PRODUCT 260  ,Clothing,Jeans,2126.45
P0261,Furniture Product 261,Home,Furniture,2827.92
P0262,Cricket Product 262,Sports,Cricket,3167.37
P0263,Technology Product 263,Books,Technology,329.73
P0264,Appliances Product 264,Home,Appliances,3950.44
P0265,Appliances Product 265,Home,Appliances,2100.47
P0266,Appliances Product 266,Home,Appliances,1001.01
P0267,Tennis Product 267,Sports,Tennis,1280.74
P0268,Shoes Product 268,Clothing,Shoes,4301.95
P0269,Jackets Product 269,Clothing,Jackets,4582.23
P0270,Tennis Product 270,Sports,Tennis,4842.15
P0271,Cricket Product 271,Sports,Cricket,2003.25
P0272,Kitchen Product 272,Home,Kitchen,1718.29
P0273,Tablet Product 273,Electronics,Tablet,4250.95
P0274,Phone Product 274,Electronics,Phone,352.53
P0275,Fiction Product 275,Books,Fiction,4380.74
P0276,Jeans Product 276,Clothing,Jeans,2449.03
P0277,Decor Product 277,Home,Decor,4789.4
P0278,Phone Product 278,Electronics,Phone,4692.08
P0279,Tablet Product 279,Electronics,Tablet,4580.76
P0280,  CRICKET PRODUCT 280  ,Sports,Cricket,2043.5
P0281,Shoes Product 281,Clothing,Shoes,3900.02
P0282,Technology Product 282,Books,Technology,2714.89
P0283,Decor Product 283,Home,Decor,1381.65
P0284,Tennis Product 284,Sports,Tennis,2383.42
P0285,History Product 285,Books,History,4580.22
P0286,Decor Product 286,Home,Decor,2128.26
P0287,Cricket Product 287,Sports,Cricket,3732.14
P0288,Headphones Product 288,Electronics,Headphones,2811.23
P0289,Tennis Product 289,Sports,Tennis,1546.44
P0290,Shoes Product 290,Clothing,Shoes,1227.09
P0291,Cricket Product 291,Sports,Cricket,2546.58
P0292,Decor Product 292,Home,Decor,3840.47
P0293,Technology Product 293,Books,Technology,2358.06
P0294,Kitchen Product 294,Home,Kitchen,785.8
P0295,Tennis Product 295,Sports,Tennis,1001.83
P0296,Fitness Product 296,Sports,Fitness,2667.33
P0297,Laptop Product 297,Electronics,Laptop,3845.26
P0298,Science Product 298,Books,Science,4228.47
P0299,Shirts Product 299,Clothing,Shirts,3565.13
P0300,  PHONE PRODUCT 300  ,Electronics,Phone,2578.09
P0301,Furniture Product 301,Home,Furniture,3127.39
P0302,Tennis Product 302,Sports,Tennis,3330.49
P0303,Laptop Product 303,Electronics,Laptop,2707.84
P0304,Fiction Product 304,Books,Fiction,181.96
P0305,Decor Product 305,Home,Decor,184.0
P0306,Science Product 306,Books,Science,624.38
P0307,Phone Product 307,Electronics,Phone,1280.75
P0308,Football Product 308,Sports,Football,4094.55
P0309,Appliances Product 309,Home,Appliances,487.19
P0310,Technology Product 310,Books,Technology,2868.51
P0311,Shoes Product 311,Clothing,Shoes,3451.8
P0312,Laptop Product 312,Electronics,Laptop,558.15
P0313,Technology Product 313,Books,Technology,2808.24
P0314,Laptop Product 314,Electronics,Laptop,3543.94
P0315,Tablet Product 315,Electronics,Tablet,4242.12
P0316,Furniture Product 316,Home,Furniture,4484.48
P0317,Phone Product 317,Electronics,Phone,1135.94
P0318,Tennis Product 318,Sports,Tennis,1428.37
P0319,Headphones Product 319,Electronics,Headphones,4506.63
P0320,  FITNESS PRODUCT 320  ,Sports,Fitness,978.84
P0321,Furniture Product 321,Home,Furniture,4811.2
P0322,Cricket Product 322,Sports,Cricket,3786.05
P0323,Fiction Product 323,Books,Fiction,1566.46
P0324,Cricket Product 324,Sports,Cricket,2876.81
P0325,History Product 325,Books,History,1980.85
P0326,Shirts Product 326,Clothing,Shirts,2553.88
P0327,Furniture Product 327,Home,Furniture,578.66
P0328,Shirts Product 328,Clothing,Shirts,1768.9
P0329,Tennis Product 329,Sports,Tennis,4847.71
P0330,Furniture Product 330,Home,Furniture,3207.2
P0331,Technology Product 331,Books,Technology,1217.88
P0332,Tennis Product 332,Sports,Tennis,2216.05
P0333,Tennis Product 333,Sports,Tennis,519.9
P0334,Football Product 334,Sports,Football,4010.47
P0335,Laptop Product 335,Electronics,Laptop,1413.06
P0336,Science Product 336,Books,Science,3724.31
P0337,Decor Product 337,Home,Decor,622.1
P0338,Headphones Product 338,Electronics,Headphones,2279.21
P0339,Furniture Product 339,Home,Furniture,749.28
P0340,  JACKETS PRODUCT 340  ,Clothing,Jackets,2299.33
P0341,Tennis Product 341,Sports,Tennis,606.14
P0342,Headphones Product 342,Electronics,Headphones,2815.68
P0343,Football Product 343,Sports,Football,4332.22
P0344,Headphones Product 344,Electronics,Headphones,2127.67
P0345,Phone Product 345,Electronics,Phone,2902.61
P0346,Jackets Product 346,Clothing,Jackets,930.56
P0347,Decor Product 347,Home,Decor,1415.19
P0348,Shirts Product 348,Clothing,Shirts,919.32
P0349,Appliances Product 349,Home,Appliances,1568.79
P0350,Headphones Product 350,Electronics,Headphones,1333.33
P0351,Jackets Product 351,Clothing,Jackets,3009.65
P0352,Jackets Product 352,Clothing,Jackets,624.16
P0353,Furniture Product 353,Home,Furniture,4749.23
P0354,Appliances Product 354,Home,Appliances,4039.97
P0355,Appliances Product 355,Home,Appliances,1740.21
P0356,Cricket Product 356,Sports,Cricket,1572.13
P0357,Cricket Product 357,Sports,Cricket,2447.15
P0358,Jackets Product 358,Clothing,Jackets,4846.75
P0359,Appliances Product 359,Home,Appliances,4842.04
P0360,  SHOES PRODUCT 360  ,Clothing,Shoes,1942.67
P0361,History Product 361,Books,History,658.05
P0362,Cricket Product 362,Sports,Cricket,3001.91
P0363,Cricket Product 363,Sports,Cricket,3440.39
P0364,Fitness Product 364,Sports,Fitness,4769.72
P0365,Science Product 365,Books,Science,2248.43
P0366,Furniture Product 366,Home,Furniture,4112.93
P0367,Technology Product 367,Books,Technology,781.98
P0368,Kitchen Product 368,Home,Kitchen,1338.14
P0369,Jackets Product 369,Clothing,Jackets,3966.48
P0370,Tablet Product 370,Electronics,Tablet,4954.43
P0371,Technology Product 371,Books,Technology,2718.4
P0372,Fiction Product 372,Books,Fiction,3974.53
P0373,Furniture Product 373,Home,Furniture,635.91
P0374,Shoes Product 374,Clothing,Shoes,915.06
P0375,Fitness Product 375,Sports,Fitness,2859.78
P0376,History Product 376,Books,History,4832.01
P0377,Fiction Product 377,Books,Fiction,151.68
P0378,Kitchen Product 378,Home,Kitchen,2602.31
P0379,Cricket Product 379,Sports,Cricket,2284.31
P0380,  TECHNOLOGY PRODUCT 380  ,Books,Technology,3884.48
P0381,Cricket Product 381,Sports,Cricket,1790.34
P0382,Tablet Product 382,Electronics,Tablet,612.29
P0383,Fiction Product 383,Books,Fiction,668.74
P0384,Shoes Product 384,Clothing,Shoes,1628.26
P0385,Science Product 385,Books,Science,2653.46
P0386,Appliances Product 386,Home,Appliances,578.35
P0387,History Product 387,Books,History,429.15
P0388,Laptop Product 388,Electronics,Laptop,210.67
P0389,Furniture Product 389,Home,Furniture,3417.98
P0390,Jeans Product 390,Clothing,Jeans,2628.37
P0391,Cricket Product 391,Sports,Cricket,1721.85
P0392,Technology Product 392,Books,Technology,1236.09
P0393,Science Product 393,Books,Science,1013.3
P0394,Technology Product 394,Books,Technology,243.04
P0395,Cricket Product 395,Sports,Cricket,2302.92
P0396,Technology Product 396,Books,Technology,121.81
P0397,Jeans Product 397,Clothing,Jeans,1463.89
P0398,Laptop Product 398,Electronics,Laptop,4017.56
P0399,Cricket Product 399,Sports,Cricket,1892.39
P0400,  JACKETS PRODUCT 400  ,Clothing,Jackets,658.38
P0401,History Product 401,Books,History,3025.16
P0402,Tennis Product 402,Sports,Tennis,2976.32
P0403,Decor Product 403,Home,Decor,4243.04
P0404,Cricket Product 404,Sports,Cricket,4087.32
P0405,Furniture Product 405,Home,Furniture,3393.34
P0406,Furniture Product 406,Home,Furniture,1269.01
P0407,Phone Product 407,Electronics,Phone,1929.2
P0408,Jackets Product 408,Clothing,Jackets,2149.37
P0409,Jackets Product 409,Clothing,Jackets,2172.89
P0410,Science Product 410,Books,Science,2819.07
P0411,History Product 411,Books,History,787.45
P0412,Appliances Product 412,Home,Appliances,3135.11
P0413,Furniture Product 413,Home,Furniture,2474.58
P0414,Jackets Product 414,Clothing,Jackets,4822.76
P0415,Tennis Product 415,Sports,Tennis,2104.76
P0416,Technology Product 416,Books,Technology,3579.7
P0417,Technology Product 417,Books,Technology,919.54
P0418,Fitness Product 418,Sports,Fitness,3999.82
P0419,Shoes Product 419,Clothing,Shoes,260.21
P0420,  SHOES PRODUCT 420  ,Clothing,Shoes,924.22
P0421,Technology Product 421,Books,Technology,2793.66
P0422,Laptop Product 422,Electronics,Laptop,1412.66
P0423,Football Product 423,Sports,Football,2756.01
P0424,Tablet Product 424,Electronics,Tablet,2777.13
P0425,Fiction Product 425,Books,Fiction,3706.34
P0426,Shoes Product 426,Clothing,Shoes,4386.57
P0427,Tablet Product 427,Electronics,Tablet,1387.79
P0428,Tablet Product 428,Electronics,Tablet,4339.92
P0429,Phone Product 429,Electronics,Phone,1128.4
P0430,Football Product 430,Sports,Football,4319.14
P0431,Tennis Product 431,Sports,Tennis,913.31
P0432,Jeans Product 432,Clothing,Jeans,4086.3
P0433,Headphones Product 433,Electronics,Headphones,2708.18
P0434,Cricket Product 434,Sports,Cricket,1685.9
P0435,Decor Product 435,Home,Decor,2906.4
P0436,Fitness Product 436,Sports,Fitness,764.39
P0437,Fiction Product 437,Books,Fiction,4963.18
P0438,Jeans Product 438,Clothing,Jeans,1323.42
P0439,Kitchen Product 439,Home,Kitchen,3831.22
P0440,  TECHNOLOGY PRODUCT 440  ,Books,Technology,796.64
P0441,Appliances Product 441,Home,Appliances,1938.34
P0442,Laptop Product 442,Electronics,Laptop,2073.97
P0443,Decor Product 443,Home,Decor,2328.01
P0444,History Product 444,Books,History,2951.58
P0445,Tablet Product 445,Electronics,Tablet,3210.72
P0446,Furniture Product 446,Home,Furniture,3998.82
P0447,Science Product 447,Books,Science,4843.83
P0448,Jackets Product 448,Clothing,Jackets,1415.83
P0449,Decor Product 449,Home,Decor,2781.82
P0450,Jackets Product 450,Clothing,Jackets,3962.69
P0451,Laptop Product 451,Electronics,Laptop,587.92
P0452,Fiction Product 452,Books,Fiction,708.76
P0453,Jackets Product 453,Clothing,Jackets,2336.94
P0454,Science Product 454,Books,Science,4978.9
P0455,Shoes Product 455,Clothing,Shoes,878.99
P0456,Furniture Product 456,Home,Furniture,3307.48
P0457,Furniture Product 457,Home,Furniture,1922.03
P0458,Shirts Product 458,Clothing,Shirts,2042.07
P0459,Kitchen Product 459,Home,Kitchen,2203.23
P0460,  LAPTOP PRODUCT 460  ,Electronics,Laptop,105.32
P0461,Fiction Product 461,Books,Fiction,750.23
P0462,Jackets Product 462,Clothing,Jackets,145.51
P0463,Furniture Product 463,Home,Furniture,4941.96
P0464,Science Product 464,Books,Science,2440.73
P0465,Jackets Product 465,Clothing,Jackets,537.72
P0466,Laptop Product 466,Electronics,Laptop,1635.42
P0467,Kitchen Product 467,Home,Kitchen,1975.33
P0468,Jeans Product 468,Clothing,Jeans,435.22
P0469,Fitness Product 469,Sports,Fitness,3090.56
P0470,Jackets Product 470,Clothing,Jackets,1820.82
P0471,Jeans Product 471,Clothing,Jeans,4607.48
P0472,Tennis Product 472,Sports,Tennis,4313.82
P0473,Laptop Product 473,Electronics,Laptop,786.06
P0474,Tablet Product 474,Electronics,Tablet,1822.52
P0475,History Product 475,Books,History,3976.28
P0476,Shoes Product 476,Clothing,Shoes,3258.64
P0477,Shoes Product 477,Clothing,Shoes,3916.95
P0478,Headphones Product 478,Electronics,Headphones,1106.68
P0479,Cricket Product 479,Sports,Cricket,3764.43
P0480,  FURNITURE PRODUCT 480  ,Home,Furniture,3940.63
P0481,Jackets Product 481,Clothing,Jackets,1990.84
P0482,Jackets Product 482,Clothing,Jackets,3226.6
P0483,Laptop Product 483,Electronics,Laptop,4935.72
P0484,Kitchen Product 484,Home,Kitchen,1995.51
P0485,Tennis Product 485,Sports,Tennis,1890.52
P0486,Jackets Product 486,Clothing,Jackets,4776.82
P0487,Laptop Product 487,Electronics,Laptop,2978.08
P0488,Headphones Product 488,Electronics,Headphones,1157.14
P0489,Tablet Product 489,Electronics,Tablet,2582.39
P0490,Tennis Product 490,Sports,Tennis,2175.52
P0491,Fiction Product 491,Books,Fiction,3238.63
P0492,Cricket Product 492,Sports,Cricket,1459.59
P0493,Furniture Product 493,Home,Furniture,2605.39
P0494,Jeans Product 494,Clothing,Jeans,2728.31
P0495,Fiction Product 495,Books,Fiction,1619.83
P0496,Science Product 496,Books,Science,383.74
P0497,Tablet Product 497,Electronics,Tablet,668.33
P0498,Fitness Product 498,Sports,Fitness,1615.52
P0499,Shirts Product 499,Clothing,Shirts,162.06
P0500,  SHIRTS PRODUCT 500  ,Clothing,Shirts,902.78
