customer_id,customer_name,email,registration_date,customer_type
C0001,Kavya Verma,kavya.verma1@example.com,2024-03-18,VIP
C0002,Rahul Singh,rahul.singh2@example.com,2024-10-07,Regular
C0003,Simran Verma,simran.verma3@example.com,2026-01-14,VIP
C0004,Sneha Mehta,sneha.mehta4@example.com,2024-05-21,VIP
C0005,Rohan Sharma,rohan.sharma5@example.com,2024-03-23,Regular
C0006,Arjun Singh,arjun.singh6@example.com,2025-07-23,VIP
C0007,Aarav Mehta,aarav.mehta7@example.com,2024-09-12,VIP
C0008,Kavya Mehta,kavya.mehta8@example.com,2025-04-26,Regular
C0009,Karan Kaur,karan.kaur9@example.com,2024-12-02,Regular
C0010,Ananya Gupta,ananya.gupta10@example.com,2026-02-05,Premium
C0011,Vivek Patel,vivek.patel11@example.com,2024-07-30,Regular
C0012,Ananya Kumar,ananya.kumar12@example.com,2024-06-05,Regular
C0013,Rohan Verma,rohan.verma13@example.com,2025-02-23,Premium
C0014,Neha Patel,neha.patel14@example.com,2026-05-28,Regular
C0015,Simran Agarwal,simran.agarwal15@example.com,2025-08-24,Regular
C0016,Sneha Joshi,sneha.joshi16@example.com,2024-05-12,VIP
C0017,Rahul Kaur,rahul.kaur17@example.com,2025-02-26,VIP
C0018,Arjun Verma,arjun.verma18@example.com,2024-04-08,VIP
C0019,Arjun Patel,arjun.patel19@example.com,2024-05-13,Regular
C0020,Pooja Verma,pooja.verma20@example.com,2025-03-17,Premium
C0021,Karan Kumar,karan.kumar21@example.com,2024-08-06,Premium
C0022,Vivek Singh,vivek.singh22@example.com,2026-01-08,Premium
C0023,Simran Verma,simran.verma23@example.com,2025-11-06,VIP
C0024,Aditya Mehta,aditya.mehta24@example.com,2026-03-09,Regular
C0025,Aditya Agarwal,aditya.agarwal25@example.com,2025-03-16,Premium
C0026,Sneha Mehta,sneha.mehta26@example.com,2024-10-03,VIP
C0027,Vivek Sharma,vivek.sharma27@example.com,2024-10-13,Regular
C0028,Ananya Kumar,ananya.kumar28@example.com,2025-04-07,Premium
C0029,Vivaan Singh,vivaan.singh29@example.com,2025-09-24,VIP
C0030,Vivek Singh,vivek.singh30@example.com,2025-12-24,Premium
C0031,Rohan Agarwal,rohan.agarwal31@example.com,2024-07-17,Premium
C0032,Aditya Singh,aditya.singh32@example.com,2026-03-25,VIP
C0033,Priya Patel,priya.patel33@example.com,2026-03-27,VIP
C0034,Rohan Kaur,rohan.kaur34@example.com,2025-04-05,Premium
C0035,Arjun Gupta,arjun.gupta35@example.com,2025-07-27,Premium
C0036,Vivaan Sharma,vivaan.sharma36@example.com,2024-06-13,Regular
C0037,Kavya Gupta,kavya.gupta37@example.com,2026-05-13,VIP
C0038,Rohan Kaur,rohan.kaur38@example.com,2024-04-27,Premium
C0039,Rohan Kaur,rohan.kaur39@example.com,2025-06-15,VIP
C0040,Rahul Mehta,rahul.mehta40@example.com,2024-03-04,VIP
C0041,Simran Verma,simran.verma41@example.com,2026-01-20,VIP
C0042,Ananya Patel,ananya.patel42@example.com,2026-04-19,VIP
C0043,Vivek Verma,vivek.verma43@example.com,2024-12-18,Premium
C0044,Aditya Agarwal,aditya.agarwal44@example.com,2024-02-25,VIP
C0045,Sneha Patel,sneha.patel45@example.com,2025-07-18,Regular
C0046,Priya Verma,priya.verma46@example.com,2025-11-23,Premium
C0047,Pooja Mehta,invalid-email,2025-11-06,Regular
C0048,Aditya Kumar,aditya.kumar48@example.com,2026-04-12,Regular
C0049,Priya Mehta,priya.mehta49@example.com,2024-02-22,VIP
C0050,Vivek Agarwal,vivek.agarwal50@example.com,2024-03-12,Regular
C0051,Sneha Kumar,sneha.kumar51@example.com,2026-05-28,Premium
C0052,Arjun Sharma,arjun.sharma52@example.com,2024-10-25,VIP
C0053,Vivaan Verma,vivaan.verma53@example.com,2026-03-12,Premium
C0054,Pooja Verma,pooja.verma54@example.com,2026-04-10,VIP
C0055,Ananya Gupta,ananya.gupta55@example.com,2024-07-02,VIP
C0056,Karan Mehta,karan.mehta56@example.com,2024-08-09,Premium
C0057,Priya Kaur,priya.kaur57@example.com,2025-04-30,Regular
C0058,Sneha Mehta,sneha.mehta58@example.com,2026-04-05,VIP
C0059,Simran Singh,simran.singh59@example.com,2026-02-21,Premium
C0060,Rohan Kumar,rohan.kumar60@example.com,2025-05-15,VIP
C0061,Karan Verma,karan.verma61@example.com,2024-11-01,Regular
C0062,Vivaan Kumar,vivaan.kumar62@example.com,2024-03-14,VIP
C0063,Priya Singh,priya.singh63@example.com,2025-10-16,Regular
C0064,Aarav Verma,aarav.verma64@example.com,2026-02-15,VIP
C0065,Aarav Singh,aarav.singh65@example.com,2024-05-01,Regular
C0066,Pooja Kumar,pooja.kumar66@example.com,2024-05-04,VIP
C0067,Arjun Patel,arjun.patel67@example.com,2026-01-07,Premium
C0068,Arjun Mehta,arjun.mehta68@example.com,2024-07-06,VIP
C0069,Sneha Kaur,sneha.kaur69@example.com,2025-10-04,Premium
C0070,Arjun Agarwal,arjun.agarwal70@example.com,2026-05-28,Premium
C0071,Arjun Verma,arjun.verma71@example.com,2024-05-31,VIP
C0072,Rohan Kumar,rohan.kumar72@example.com,2025-04-30,Premium
C0073,Karan Sharma,karan.sharma73@example.com,2026-01-11,VIP
C0074,Kavya Verma,kavya.verma74@example.com,2024-04-24,Premium
C0075,Simran Kumar,simran.kumar75@example.com,2026-05-21,Regular
C0076,Arjun Singh,arjun.singh76@example.com,2024-09-03,VIP
C0077,Karan Gupta,karan.gupta77@example.com,2025-04-29,Regular
C0078,Rahul Agarwal,rahul.agarwal78@example.com,2024-11-03,Regular
C0079,Karan Mehta,karan.mehta79@example.com,2024-06-01,Regular
C0080,Kavya Mehta,kavya.mehta80@example.com,2024-03-08,Regular
C0081,Sneha Singh,sneha.singh81@example.com,2024-08-10,Premium
C0082,Karan Agarwal,karan.agarwal82@example.com,2024-09-27,Premium
C0083,Sneha Sharma,sneha.sharma83@example.com,2024-08-08,Premium
C0084,Aarav Joshi,aarav.joshi84@example.com,2024-11-19,Premium
C0085,Rahul Joshi,rahul.joshi85@example.com,2026-02-04,VIP
C0086,Ananya Mehta,ananya.mehta86@example.com,2025-12-30,VIP
C0087,Karan Gupta,karan.gupta87@example.com,2024-09-03,Premium
C0088,Arjun Sharma,arjun.sharma88@example.com,2025-10-07,VIP
C0089,Priya Sharma,priya.sharma89@example.com,2026-03-28,Premium
C0090,Aarav Sharma,aarav.sharma90@example.com,2025-10-12,Premium
C0091,Priya Mehta,priya.mehta91@example.com,2024-08-01,Regular
C0092,Priya Verma,priya.verma92@example.com,2024-08-30,Regular
C0093,Neha Verma,neha.verma93@example.com,2026-01-13,Regular
C0094,Rohan Verma,invalid-email,2025-09-27,Regular
C0095,Neha Kaur,neha.kaur95@example.com,2024-04-02,VIP
C0096,Vivaan Joshi,vivaan.joshi96@example.com,2025-12-26,VIP
C0097,Neha Mehta,neha.mehta97@example.com,2025-01-10,Premium
C0098,Arjun Kumar,arjun.kumar98@example.com,2024-10-23,Premium
C0099,Rohan Gupta,rohan.gupta99@example.com,2026-01-09,VIP
C0100,Rahul Agarwal,rahul.agarwal100@example.com,2025-01-10,Regular
C0101,Aarav Agarwal,aarav.agarwal101@example.com,2025-11-19,VIP
C0102,Vivaan Verma,vivaan.verma102@example.com,2025-08-25,Regular
C0103,Priya Patel,priya.patel103@example.com,2024-07-06,Premium
C0104,Sneha Verma,sneha.verma104@example.com,2024-10-29,Premium
C0105,Rahul Gupta,rahul.gupta105@example.com,2025-05-15,VIP
C0106,Simran Patel,simran.patel106@example.com,2025-11-09,VIP
C0107,Priya Sharma,priya.sharma107@example.com,2026-01-05,VIP
C0108,Rahul Verma,rahul.verma108@example.com,2024-07-08,Premium
C0109,Vivaan Verma,vivaan.verma109@example.com,2026-03-23,VIP
C0110,Aditya Patel,aditya.patel110@example.com,2024-12-06,VIP
C0111,Arjun Kumar,arjun.kumar111@example.com,2024-09-17,VIP
C0112,Kavya Patel,kavya.patel112@example.com,2025-07-23,Premium
C0113,Rahul Sharma,rahul.sharma113@example.com,2024-05-26,VIP
C0114,Rohan Patel,rohan.patel114@example.com,2024-04-07,Regular
C0115,Vivek Gupta,vivek.gupta115@example.com,2025-12-05,Premium
C0116,Aditya Agarwal,aditya.agarwal116@example.com,2025-09-08,VIP
C0117,Rohan Mehta,rohan.mehta117@example.com,2024-03-02,Regular
C0118,Vivaan Gupta,vivaan.gupta118@example.com,2025-09-02,Regular
C0119,Pooja Kumar,pooja.kumar119@example.com,2025-10-10,VIP
C0120,Aditya Joshi,aditya.joshi120@example.com,2024-07-01,Regular
C0121,Rahul Kumar,rahul.kumar121@example.com,2026-05-17,Regular
C0122,Sneha Kumar,sneha.kumar122@example.com,2024-09-24,VIP
C0123,Arjun Verma,arjun.verma123@example.com,2025-02-18,VIP
C0124,Sneha Joshi,sneha.joshi124@example.com,2025-11-18,VIP
C0125,Aditya Singh,aditya.singh125@example.com,2024-08-06,Regular
C0126,Sneha Joshi,sneha.joshi126@example.com,2024-03-18,Regular
C0127,Simran Kumar,simran.kumar127@example.com,2026-05-03,Premium
C0128,Ananya Singh,ananya.singh128@example.com,2024-11-21,Regular
C0129,Ananya Verma,ananya.verma129@example.com,2025-03-19,Regular
C0130,Pooja Agarwal,pooja.agarwal130@example.com,2024-10-06,Regular
C0131,Pooja Agarwal,pooja.agarwal131@example.com,2025-02-14,Premium
C0132,Pooja Singh,pooja.singh132@example.com,2024-10-07,Regular
C0133,Kavya Singh,kavya.singh133@example.com,2025-04-05,Premium
C0134,Rahul Verma,rahul.verma134@example.com,2026-04-23,Premium
C0135,Vivek Mehta,vivek.mehta135@example.com,2025-04-06,VIP
C0136,Pooja Mehta,pooja.mehta136@example.com,2025-01-26,Regular
C0137,Vivaan Patel,vivaan.patel137@example.com,2024-08-22,VIP
C0138,Rahul Sharma,rahul.sharma138@example.com,2024-06-12,VIP
C0139,Rohan Kumar,rohan.kumar139@example.com,2026-03-09,Premium
C0140,Rohan Kaur,rohan.kaur140@example.com,2025-07-29,Regular
C0141,Rohan Kaur,invalid-email,2024-09-03,Premium
C0142,Aarav Joshi,aarav.joshi142@example.com,2024-02-23,VIP
C0143,Sneha Mehta,sneha.mehta143@example.com,2026-01-25,VIP
C0144,Simran Singh,simran.singh144@example.com,2025-02-28,Premium
C0145,Vivaan Kumar,vivaan.kumar145@example.com,2025-11-21,Premium
C0146,Kavya Verma,kavya.verma146@example.com,2026-02-28,Premium
C0147,Priya Patel,priya.patel147@example.com,2026-01-04,Premium
C0148,Vivek Joshi,vivek.joshi148@example.com,2026-02-04,Premium
C0149,Priya Gupta,priya.gupta149@example.com,2024-09-05,Premium
C0150,Kavya Joshi,kavya.joshi150@example.com,2026-01-15,VIP
C0151,Sneha Gupta,sneha.gupta151@example.com,2025-11-13,VIP
C0152,Rahul Joshi,rahul.joshi152@example.com,2025-09-05,Regular
C0153,Rahul Patel,rahul.patel153@example.com,2024-09-24,Premium
C0154,Ananya Kaur,ananya.kaur154@example.com,2025-11-04,VIP
C0155,Vivek Agarwal,vivek.agarwal155@example.com,2025-05-19,Premium
C0156,Kavya Singh,kavya.singh156@example.com,2025-07-29,Premium
C0157,Ananya Gupta,ananya.gupta157@example.com,2025-12-27,Regular
C0158,Rahul Mehta,rahul.mehta158@example.com,2026-01-01,VIP
C0159,Neha Kumar,neha.kumar159@example.com,2024-05-27,Regular
C0160,Kavya Patel,kavya.patel160@example.com,2024-10-09,Regular
C0161,Aditya Sharma,aditya.sharma161@example.com,2024-04-09,Regular
C0162,Karan Kaur,karan.kaur162@example.com,2026-04-18,Regular
C0163,Karan Joshi,karan.joshi163@example.com,2025-11-27,VIP
C0164,Arjun Joshi,arjun.joshi164@example.com,2025-07-12,Premium
C0165,Arjun Gupta,arjun.gupta165@example.com,2025-12-24,VIP
C0166,Aarav Verma,aarav.verma166@example.com,2026-04-29,Premium
C0167,Arjun Gupta,arjun.gupta167@example.com,2026-05-25,VIP
C0168,Priya Agarwal,priya.agarwal168@example.com,2024-04-13,VIP
C0169,Arjun Verma,arjun.verma169@example.com,2025-06-03,Regular
C0170,Ananya Agarwal,ananya.agarwal170@example.com,2026-01-05,VIP
C0171,Priya Kaur,priya.kaur171@example.com,2025-01-11,Premium
C0172,Neha Mehta,neha.mehta172@example.com,2025-05-03,VIP
C0173,Karan Gupta,karan.gupta173@example.com,2026-03-24,Premium
C0174,Karan Patel,karan.patel174@example.com,2026-04-01,Regular
C0175,Pooja Patel,pooja.patel175@example.com,2026-04-16,VIP
C0176,Karan Singh,karan.singh176@example.com,2024-11-29,Premium
C0177,Vivaan Patel,vivaan.patel177@example.com,2024-10-19,Premium
C0178,Vivek Kumar,vivek.kumar178@example.com,2025-08-28,Regular
C0179,Aditya Gupta,aditya.gupta179@example.com,2024-10-15,Premium
C0180,Simran Gupta,simran.gupta180@example.com,2026-02-14,Regular
C0181,Vivaan Joshi,vivaan.joshi181@example.com,2025-04-14,Premium
C0182,Priya Agarwal,priya.agarwal182@example.com,2025-04-22,Regular
C0183,Arjun Joshi,arjun.joshi183@example.com,2025-03-26,VIP
C0184,Simran Sharma,simran.sharma184@example.com,2026-04-15,VIP
C0185,Rohan Agarwal,rohan.agarwal185@example.com,2024-02-28,Premium
C0186,Rahul Joshi,rahul.joshi186@example.com,2025-04-26,VIP
C0187,Simran Mehta,simran.mehta187@example.com,2026-05-21,VIP
C0188,Sneha Singh,invalid-email,2025-07-05,Regular
C0189,Rahul Joshi,rahul.joshi189@example.com,2025-07-03,Regular
C0190,Rohan Kumar,rohan.kumar190@example.com,2026-01-06,VIP
C0191,Ananya Joshi,ananya.joshi191@example.com,2026-03-04,Regular
C0192,Pooja Agarwal,pooja.agarwal192@example.com,2024-07-01,VIP
C0193,Priya Sharma,priya.sharma193@example.com,2025-03-31,VIP
C0194,Neha Sharma,neha.sharma194@example.com,2024-05-17,VIP
C0195,Rohan Gupta,rohan.gupta195@example.com,2025-06-08,Regular
C0196,Aarav Patel,aarav.patel196@example.com,2025-03-16,Premium
C0197,Arjun Agarwal,arjun.agarwal197@example.com,2025-01-21,Premium
C0198,Ananya Joshi,ananya.joshi198@example.com,2024-12-02,Premium
C0199,Rahul Verma,rahul.verma199@example.com,2025-06-17,Regular
C0200,Simran Mehta,simran.mehta200@example.com,2024-04-15,Premium
C0201,Arjun Verma,arjun.verma201@example.com,2026-05-01,VIP
C0202,Aarav Sharma,aarav.sharma202@example.com,2024-11-01,Regular
C0203,Pooja Sharma,pooja.sharma203@example.com,2025-11-19,Regular
C0204,Arjun Gupta,arjun.gupta204@example.com,2025-06-20,VIP
C0205,Vivaan Kaur,vivaan.kaur205@example.com,2024-10-02,Premium
C0206,Simran Patel,simran.patel206@example.com,2026-04-17,Premium
C0207,Aditya Kaur,aditya.kaur207@example.com,2025-11-04,VIP
C0208,Simran Verma,simran.verma208@example.com,2026-04-28,Regular
C0209,Rahul Verma,rahul.verma209@example.com,2025-10-06,Regular
C0210,Sneha Patel,sneha.patel210@example.com,2025-10-03,VIP
C0211,Sneha Joshi,sneha.joshi211@example.com,2025-04-03,VIP
C0212,Arjun Verma,arjun.verma212@example.com,2025-10-20,VIP
C0213,Pooja Singh,pooja.singh213@example.com,2024-06-05,VIP
C0214,Ananya Patel,ananya.patel214@example.com,2026-01-22,VIP
C0215,Ananya Verma,ananya.verma215@example.com,2026-05-17,VIP
C0216,Ananya Sharma,ananya.sharma216@example.com,2025-02-11,VIP
C0217,Rohan Kumar,rohan.kumar217@example.com,2024-05-02,VIP
C0218,Kavya Kumar,kavya.kumar218@example.com,2024-03-05,Premium
C0219,Pooja Agarwal,pooja.agarwal219@example.com,2024-06-09,Premium
C0220,Vivek Agarwal,vivek.agarwal220@example.com,2026-02-15,Regular
C0221,Rohan Gupta,rohan.gupta221@example.com,2026-03-14,VIP
C0222,Kavya Patel,kavya.patel222@example.com,2025-11-13,VIP
C0223,Ananya Agarwal,ananya.agarwal223@example.com,2025-06-12,Premium
C0224,Pooja Kaur,pooja.kaur224@example.com,2024-11-22,Premium
C0225,Pooja Singh,pooja.singh225@example.com,2026-06-21,Regular
C0226,Rahul Agarwal,rahul.agarwal226@example.com,2024-10-28,Premium
C0227,Neha Kaur,neha.kaur227@example.com,2026-01-06,Premium
C0228,Vivek Sharma,vivek.sharma228@example.com,2025-07-12,Premium
C0229,Aditya Agarwal,aditya.agarwal229@example.com,2024-09-26,Premium
C0230,Ananya Patel,ananya.patel230@example.com,2025-02-04,Premium
C0231,Sneha Kaur,sneha.kaur231@example.com,2026-02-09,Premium
C0232,Priya Sharma,priya.sharma232@example.com,2025-08-04,Regular
C0233,Vivaan Singh,vivaan.singh233@example.com,2026-02-28,Premium
C0234,Karan Mehta,karan.mehta234@example.com,2026-04-08,Regular
C0235,Simran Agarwal,invalid-email,2025-12-14,VIP
C0236,Karan Agarwal,karan.agarwal236@example.com,2026-05-13,Regular
C0237,Vivaan Patel,vivaan.patel237@example.com,2024-10-05,Premium
C0238,Simran Singh,simran.singh238@example.com,2024-12-31,VIP
C0239,Neha Kumar,neha.kumar239@example.com,2025-06-20,VIP
C0240,Priya Kumar,priya.kumar240@example.com,2025-05-02,VIP
C0241,Priya Kumar,priya.kumar241@example.com,2025-02-16,VIP
C0242,Karan Patel,karan.patel242@example.com,2024-12-31,Premium
C0243,Arjun Verma,arjun.verma243@example.com,2026-03-01,Regular
C0244,Vivek Verma,vivek.verma244@example.com,2026-03-23,VIP
C0245,Ananya Gupta,ananya.gupta245@example.com,2024-09-05,Regular
C0246,Simran Agarwal,simran.agarwal246@example.com,2024-12-01,VIP
C0247,Neha Mehta,neha.mehta247@example.com,2025-10-25,Premium
C0248,Vivaan Singh,vivaan.singh248@example.com,2024-12-21,Regular
C0249,Vivek Gupta,vivek.gupta249@example.com,2024-12-27,Regular
C0250,Simran Mehta,simran.mehta250@example.com,2024-06-30,Premium
C0251,Aarav Sharma,aarav.sharma251@example.com,2025-09-10,Premium
C0252,Simran Gupta,simran.gupta252@example.com,2025-12-06,Premium
C0253,Vivaan Sharma,vivaan.sharma253@example.com,2025-10-01,Premium
C0254,Karan Agarwal,karan.agarwal254@example.com,2025-05-18,Premium
C0255,Aditya Sharma,aditya.sharma255@example.com,2024-11-06,Premium
C0256,Vivaan Verma,vivaan.verma256@example.com,2025-04-07,Premium
C0257,Vivaan Kaur,vivaan.kaur257@example.com,2025-11-27,VIP
C0258,Aarav Gupta,aarav.gupta258@example.com,2024-07-23,VIP
C0259,Rahul Verma,rahul.verma259@example.com,2024-11-02,Regular
C0260,Priya Joshi,priya.joshi260@example.com,2025-11-03,VIP
C0261,Ananya Kaur,ananya.kaur261@example.com,2024-10-10,VIP
C0262,Rohan Agarwal,rohan.agarwal262@example.com,2025-05-20,Premium
C0263,Pooja Kaur,pooja.kaur263@example.com,2025-05-06,Premium
C0264,Neha Kaur,neha.kaur264@example.com,2024-04-23,VIP
C0265,Simran Verma,simran.verma265@example.com,2026-04-13,Regular
C0266,Kavya Singh,kavya.singh266@example.com,2024-11-18,VIP
C0267,Vivaan Gupta,vivaan.gupta267@example.com,2024-10-24,Regular
C0268,Priya Verma,priya.verma268@example.com,2024-07-31,Regular
C0269,Rohan Agarwal,rohan.agarwal269@example.com,2026-01-27,VIP
C0270,Karan Patel,karan.patel270@example.com,2024-03-26,Regular
C0271,Rahul Patel,rahul.patel271@example.com,2026-02-10,Premium
C0272,Vivaan Singh,vivaan.singh272@example.com,2024-11-18,VIP
C0273,Neha Singh,neha.singh273@example.com,2025-05-02,Regular
C0274,Priya Singh,priya.singh274@example.com,2025-12-16,Regular
C0275,Sneha Patel,sneha.patel275@example.com,2026-06-17,Regular
C0276,Vivaan Sharma,vivaan.sharma276@example.com,2024-08-09,Premium
C0277,Neha Kaur,neha.kaur277@example.com,2024-12-13,Premium
C0278,Vivaan Agarwal,vivaan.agarwal278@example.com,2026-01-27,Premium
C0279,Simran Joshi,simran.joshi279@example.com,2024-11-26,VIP
C0280,Priya Agarwal,priya.agarwal280@example.com,2025-05-15,Regular
C0281,Neha Sharma,neha.sharma281@example.com,2025-05-09,VIP
C0282,Vivek Kaur,invalid-email,2024-11-04,Regular
C0283,Vivaan Singh,vivaan.singh283@example.com,2026-01-12,VIP
C0284,Neha Sharma,neha.sharma284@example.com,2026-04-15,VIP
C0285,Pooja Patel,pooja.patel285@example.com,2025-10-04,Regular
C0286,Ananya Gupta,ananya.gupta286@example.com,2025-06-17,VIP
C0287,Kavya Agarwal,kavya.agarwal287@example.com,2024-12-02,Regular
C0288,Neha Joshi,neha.joshi288@example.com,2025-12-03,Premium
C0289,Vivaan Agarwal,vivaan.agarwal289@example.com,2025-02-12,Premium
C0290,Vivek Kumar,vivek.kumar290@example.com,2026-01-08,Regular
C0291,Pooja Gupta,pooja.gupta291@example.com,2025-01-24,Premium
C0292,Simran Agarwal,simran.agarwal292@example.com,2024-12-13,VIP
C0293,Rohan Mehta,rohan.mehta293@example.com,2024-03-30,Premium
C0294,Vivaan Kumar,vivaan.kumar294@example.com,2024-11-06,Premium
C0295,Vivaan Joshi,vivaan.joshi295@example.com,2025-08-01,Regular
C0296,Kavya Mehta,kavya.mehta296@example.com,2025-06-09,Premium
C0297,Aarav Singh,aarav.singh297@example.com,2025-08-05,Premium
C0298,Neha Agarwal,neha.agarwal298@example.com,2025-11-23,Premium
C0299,Ananya Sharma,ananya.sharma299@example.com,2024-09-17,Premium
C0300,Priya Gupta,priya.gupta300@example.com,2024-12-12,Premium
C0301,Sneha Agarwal,sneha.agarwal301@example.com,2024-06-25,Regular
C0302,Kavya Kaur,kavya.kaur302@example.com,2026-05-20,Regular
C0303,Simran Gupta,simran.gupta303@example.com,2025-01-05,VIP
C0304,Aarav Mehta,aarav.mehta304@example.com,2025-04-14,Regular
C0305,Arjun Verma,arjun.verma305@example.com,2025-06-08,Regular
C0306,Kavya Gupta,kavya.gupta306@example.com,2025-07-16,VIP
C0307,Rahul Mehta,rahul.mehta307@example.com,2026-02-13,Premium
C0308,Rohan Agarwal,rohan.agarwal308@example.com,2025-06-19,Regular
C0309,Karan Mehta,karan.mehta309@example.com,2024-07-19,Premium
C0310,Arjun Kaur,arjun.kaur310@example.com,2025-07-26,VIP
C0311,Sneha Gupta,sneha.gupta311@example.com,2024-05-03,Premium
C0312,Ananya Joshi,ananya.joshi312@example.com,2025-02-04,VIP
C0313,Rahul Sharma,rahul.sharma313@example.com,2024-12-07,VIP
C0314,Rahul Kaur,rahul.kaur314@example.com,2025-10-07,VIP
C0315,Karan Gupta,karan.gupta315@example.com,2025-05-24,VIP
C0316,Karan Kumar,karan.kumar316@example.com,2025-01-27,VIP
C0317,Ananya Mehta,ananya.mehta317@example.com,2025-03-14,Premium
C0318,Sneha Kumar,sneha.kumar318@example.com,2024-09-02,VIP
C0319,Arjun Kaur,arjun.kaur319@example.com,2025-03-20,Regular
C0320,Pooja Joshi,pooja.joshi320@example.com,2024-04-06,Premium
C0321,Simran Agarwal,simran.agarwal321@example.com,2026-02-13,Premium
C0322,Rohan Gupta,rohan.gupta322@example.com,2025-07-13,Regular
C0323,Aditya Mehta,aditya.mehta323@example.com,2025-10-18,Premium
C0324,Pooja Verma,pooja.verma324@example.com,2025-05-17,Regular
C0325,Priya Agarwal,priya.agarwal325@example.com,2024-03-08,VIP
C0326,Aditya Joshi,aditya.joshi326@example.com,2025-12-23,Regular
C0327,Vivaan Agarwal,vivaan.agarwal327@example.com,2026-05-02,Premium
C0328,Vivek Kaur,vivek.kaur328@example.com,2026-01-31,Premium
C0329,Kavya Verma,invalid-email,2025-01-23,VIP
C0330,Pooja Mehta,pooja.mehta330@example.com,2025-03-17,Premium
C0331,Kavya Agarwal,kavya.agarwal331@example.com,2025-08-29,Regular
C0332,Neha Verma,neha.verma332@example.com,2024-10-19,VIP
C0333,Kavya Patel,kavya.patel333@example.com,2024-10-11,VIP
C0334,Vivaan Joshi,vivaan.joshi334@example.com,2024-06-01,VIP
C0335,Simran Verma,simran.verma335@example.com,2025-05-21,Regular
C0336,Simran Patel,simran.patel336@example.com,2024-03-22,Regular
C0337,Vivek Sharma,vivek.sharma337@example.com,2024-12-18,Premium
C0338,Vivek Joshi,vivek.joshi338@example.com,2024-07-20,Regular
C0339,Priya Joshi,priya.joshi339@example.com,2025-09-23,VIP
C0340,Ananya Gupta,ananya.gupta340@example.com,2024-08-14,Regular
C0341,Vivaan Kaur,vivaan.kaur341@example.com,2025-03-19,VIP
C0342,Kavya Singh,kavya.singh342@example.com,2025-07-15,VIP
C0343,Aditya Singh,aditya.singh343@example.com,2025-06-08,VIP
C0344,Rahul Agarwal,rahul.agarwal344@example.com,2024-11-09,VIP
C0345,Aarav Agarwal,aarav.agarwal345@example.com,2024-12-12,VIP
C0346,Priya Gupta,priya.gupta346@example.com,2024-05-07,Premium
C0347,Vivek Kaur,vivek.kaur347@example.com,2024-12-24,VIP
C0348,Rohan Patel,rohan.patel348@example.com,2025-06-03,Premium
C0349,Arjun Joshi,arjun.joshi349@example.com,2025-06-30,Regular
C0350,Arjun Joshi,arjun.joshi350@example.com,2025-09-29,Premium
C0351,Neha Patel,neha.patel351@example.com,2026-02-07,Premium
C0352,Aarav Joshi,aarav.joshi352@example.com,2024-11-29,Regular
C0353,Neha Sharma,neha.sharma353@example.com,2025-11-03,VIP
C0354,Karan Patel,karan.patel354@example.com,2026-04-26,Regular
C0355,Neha Kumar,neha.kumar355@example.com,2024-10-03,VIP
C0356,Arjun Kaur,arjun.kaur356@example.com,2024-11-04,VIP
C0357,Ananya Gupta,ananya.gupta357@example.com,2025-11-26,Regular
C0358,Sneha Sharma,sneha.sharma358@example.com,2025-01-03,Premium
C0359,Aarav Kaur,aarav.kaur359@example.com,2025-03-01,VIP
C0360,Aditya Verma,aditya.verma360@example.com,2024-12-20,Premium
C0361,Simran Joshi,simran.joshi361@example.com,2024-08-19,Regular
C0362,Aditya Mehta,aditya.mehta362@example.com,2025-03-02,VIP
C0363,Priya Patel,priya.patel363@example.com,2026-06-21,Regular
C0364,Rahul Agarwal,rahul.agarwal364@example.com,2026-05-27,Premium
C0365,Simran Kumar,simran.kumar365@example.com,2026-05-25,Regular
C0366,Karan Verma,karan.verma366@example.com,2024-07-15,Regular
C0367,Pooja Joshi,pooja.joshi367@example.com,2026-05-25,VIP
C0368,Vivek Verma,vivek.verma368@example.com,2026-05-11,Premium
C0369,Aarav Patel,aarav.patel369@example.com,2025-08-24,Regular
C0370,Karan Kumar,karan.kumar370@example.com,2026-01-10,VIP
C0371,Kavya Patel,kavya.patel371@example.com,2025-10-12,Premium
C0372,Pooja Kumar,pooja.kumar372@example.com,2024-06-11,VIP
C0373,Arjun Agarwal,arjun.agarwal373@example.com,2024-03-18,VIP
C0374,Sneha Mehta,sneha.mehta374@example.com,2025-01-22,VIP
C0375,Arjun Verma,arjun.verma375@example.com,2025-12-03,Premium
C0376,Sneha Patel,invalid-email,2025-12-17,Premium
C0377,Vivaan Gupta,vivaan.gupta377@example.com,2024-04-08,Regular
C0378,Rahul Agarwal,rahul.agarwal378@example.com,2024-06-19,Regular
C0379,Arjun Mehta,arjun.mehta379@example.com,2024-07-09,Premium
C0380,Karan Kumar,karan.kumar380@example.com,2026-01-08,VIP
C0381,Simran Mehta,simran.mehta381@example.com,2025-04-26,VIP
C0382,Simran Gupta,simran.gupta382@example.com,2025-04-21,VIP
C0383,Vivaan Agarwal,vivaan.agarwal383@example.com,2025-11-13,Premium
C0384,Rahul Sharma,rahul.sharma384@example.com,2026-01-28,Premium
C0385,Arjun Agarwal,arjun.agarwal385@example.com,2025-05-22,Regular
C0386,Pooja Kumar,pooja.kumar386@example.com,2024-06-02,VIP
C0387,Vivek Mehta,vivek.mehta387@example.com,2025-12-13,Premium
C0388,Aarav Joshi,aarav.joshi388@example.com,2024-11-30,Regular
C0389,Vivaan Agarwal,vivaan.agarwal389@example.com,2024-05-25,VIP
C0390,Arjun Kaur,arjun.kaur390@example.com,2024-03-14,Regular
C0391,Ananya Kumar,ananya.kumar391@example.com,2024-10-28,Regular
C0392,Ananya Kaur,ananya.kaur392@example.com,2024-09-19,Regular
C0393,Pooja Mehta,pooja.mehta393@example.com,2024-09-21,VIP
C0394,Arjun Singh,arjun.singh394@example.com,2025-01-23,Regular
C0395,Ananya Kaur,ananya.kaur395@example.com,2024-02-24,Premium
C0396,Pooja Gupta,pooja.gupta396@example.com,2024-07-04,VIP
C0397,Rahul Gupta,rahul.gupta397@example.com,2024-06-13,VIP
C0398,Pooja Sharma,pooja.sharma398@example.com,2024-07-05,Regular
C0399,Vivek Singh,vivek.singh399@example.com,2025-10-16,Premium
C0400,Aarav Gupta,aarav.gupta400@example.com,2024-11-19,Regular
C0401,Aditya Joshi,aditya.joshi401@example.com,2025-08-13,Regular
C0402,Simran Verma,simran.verma402@example.com,2025-06-23,Premium
C0403,Ananya Kumar,ananya.kumar403@example.com,2025-07-31,VIP
C0404,Vivaan Agarwal,vivaan.agarwal404@example.com,2025-07-21,Regular
C0405,Neha Sharma,neha.sharma405@example.com,2026-03-07,VIP
C0406,Priya Patel,priya.patel406@example.com,2025-06-05,VIP
C0407,Aarav Sharma,aarav.sharma407@example.com,2025-06-26,Premium
C0408,Rohan Verma,rohan.verma408@example.com,2025-07-08,VIP
C0409,Sneha Agarwal,sneha.agarwal409@example.com,2024-05-07,Regular
C0410,Vivek Kaur,vivek.kaur410@example.com,2024-07-22,Regular
C0411,Aditya Patel,aditya.patel411@example.com,2025-11-22,VIP
C0412,Neha Mehta,neha.mehta412@example.com,2026-02-20,Premium
C0413,Rohan Kaur,rohan.kaur413@example.com,2025-08-18,Premium
C0414,Karan Mehta,karan.mehta414@example.com,2025-11-02,Premium
C0415,Vivaan Verma,vivaan.verma415@example.com,2025-12-23,VIP
C0416,Sneha Mehta,sneha.mehta416@example.com,2026-03-01,Regular
C0417,Rohan Agarwal,rohan.agarwal417@example.com,2024-10-12,Premium
C0418,Vivek Agarwal,vivek.agarwal418@example.com,2025-04-05,Premium
C0419,Simran Verma,simran.verma419@example.com,2025-01-07,Premium
C0420,Vivek Patel,vivek.patel420@example.com,2025-03-11,Regular
C0421,Kavya Agarwal,kavya.agarwal421@example.com,2024-04-30,Regular
C0422,Pooja Verma,pooja.verma422@example.com,2024-05-27,Premium
C0423,Vivaan Kumar,invalid-email,2026-06-02,Regular
C0424,Priya Sharma,priya.sharma424@example.com,2025-10-14,VIP
C0425,Priya Kumar,priya.kumar425@example.com,2026-01-08,Regular
C0426,Rohan Kumar,rohan.kumar426@example.com,2026-01-03,Premium
C0427,Pooja Sharma,pooja.sharma427@example.com,2024-12-12,VIP
C0428,Rahul Kumar,rahul.kumar428@example.com,2024-06-07,VIP
C0429,Priya Singh,priya.singh429@example.com,2024-07-29,VIP
C0430,Karan Singh,karan.singh430@example.com,2024-06-11,Premium
C0431,Pooja Mehta,pooja.mehta431@example.com,2025-03-04,Regular
C0432,Ananya Patel,ananya.patel432@example.com,2025-10-01,Regular
C0433,Ananya Joshi,ananya.joshi433@example.com,2025-09-18,VIP
C0434,Neha Mehta,neha.mehta434@example.com,2024-03-19,VIP
C0435,Sneha Patel,sneha.patel435@example.com,2024-03-22,Regular
C0436,Rahul Patel,rahul.patel436@example.com,2025-02-03,Premium
C0437,Aarav Gupta,aarav.gupta437@example.com,2024-07-17,VIP
C0438,Kavya Joshi,kavya.joshi438@example.com,2024-05-03,Regular
C0439,Simran Sharma,simran.sharma439@example.com,2024-05-25,VIP
C0440,Priya Singh,priya.singh440@example.com,2025-03-13,Premium
C0441,Karan Kumar,karan.kumar441@example.com,2024-08-01,Premium
C0442,Rahul Kumar,rahul.kumar442@example.com,2026-04-27,VIP
C0443,Neha Verma,neha.verma443@example.com,2024-04-15,Regular
C0444,Aditya Kaur,aditya.kaur444@example.com,2024-04-12,VIP
C0445,Vivaan Patel,vivaan.patel445@example.com,2025-05-20,VIP
C0446,Rohan Agarwal,rohan.agarwal446@example.com,2025-11-04,Premium
C0447,Rohan Patel,rohan.patel447@example.com,2024-09-29,VIP
C0448,Vivaan Kumar,vivaan.kumar448@example.com,2025-05-07,Regular
C0449,Rahul Kaur,rahul.kaur449@example.com,2025-07-04,VIP
C0450,Kavya Patel,kavya.patel450@example.com,2024-04-08,Regular
C0451,Rohan Kaur,rohan.kaur451@example.com,2024-04-18,Regular
C0452,Arjun Patel,arjun.patel452@example.com,2024-09-25,Regular
C0453,Ananya Patel,ananya.patel453@example.com,2024-12-14,Premium
C0454,Vivaan Sharma,vivaan.sharma454@example.com,2025-07-15,VIP
C0455,Rohan Gupta,rohan.gupta455@example.com,2024-07-03,Premium
C0456,Priya Singh,priya.singh456@example.com,2025-07-18,VIP
C0457,Pooja Kumar,pooja.kumar457@example.com,2024-05-05,Premium
C0458,Pooja Sharma,pooja.sharma458@example.com,2025-05-13,Regular
C0459,Karan Verma,karan.verma459@example.com,2025-01-07,VIP
C0460,Rohan Kaur,rohan.kaur460@example.com,2025-04-11,VIP
C0461,Kavya Joshi,kavya.joshi461@example.com,2024-12-14,Regular
C0462,Rohan Sharma,rohan.sharma462@example.com,2025-01-19,Regular
C0463,Ananya Kaur,ananya.kaur463@example.com,2025-06-07,VIP
C0464,Sneha Kumar,sneha.kumar464@example.com,2024-05-22,Premium
C0465,Pooja Verma,pooja.verma465@example.com,2024-10-28,Premium
C0466,Neha Joshi,neha.joshi466@example.com,2025-08-11,Regular
C0467,Rohan Patel,rohan.patel467@example.com,2026-03-26,Premium
C0468,Arjun Kumar,arjun.kumar468@example.com,2026-04-29,Regular
C0469,Vivaan Mehta,vivaan.mehta469@example.com,2025-12-01,Regular
C0470,Priya Mehta,invalid-email,2024-09-07,Premium
C0471,Vivek Gupta,vivek.gupta471@example.com,2024-10-20,Regular
C0472,Aditya Patel,aditya.patel472@example.com,2024-09-11,Regular
C0473,Neha Gupta,neha.gupta473@example.com,2026-04-10,VIP
C0474,Vivaan Gupta,vivaan.gupta474@example.com,2026-04-23,VIP
C0475,Karan Agarwal,karan.agarwal475@example.com,2026-04-04,VIP
C0476,Ananya Kaur,ananya.kaur476@example.com,2025-05-26,VIP
C0477,Sneha Kaur,sneha.kaur477@example.com,2025-12-11,VIP
C0478,Neha Kumar,neha.kumar478@example.com,2025-11-25,Premium
C0479,Aditya Agarwal,aditya.agarwal479@example.com,2024-05-01,Premium
C0480,Karan Patel,karan.patel480@example.com,2026-05-17,Premium
C0481,Neha Sharma,neha.sharma481@example.com,2025-02-16,VIP
C0482,Vivaan Patel,vivaan.patel482@example.com,2025-06-08,Premium
C0483,Aarav Sharma,aarav.sharma483@example.com,2025-03-05,Premium
C0484,Vivaan Verma,vivaan.verma484@example.com,2025-11-12,VIP
C0485,Priya Joshi,priya.joshi485@example.com,2025-06-09,VIP
C0486,Priya Sharma,priya.sharma486@example.com,2025-05-27,VIP
C0487,Kavya Singh,kavya.singh487@example.com,2025-01-16,VIP
C0488,Karan Mehta,karan.mehta488@example.com,2024-07-25,Regular
C0489,Karan Verma,karan.verma489@example.com,2026-06-01,Premium
C0490,Simran Verma,simran.verma490@example.com,2025-07-22,VIP
C0491,Aditya Sharma,aditya.sharma491@example.com,2024-11-01,VIP
C0492,Karan Agarwal,karan.agarwal492@example.com,2025-08-11,VIP
C0493,Neha Gupta,neha.gupta493@example.com,2025-02-28,Premium
C0494,Sneha Patel,sneha.patel494@example.com,2025-03-24,Premium
C0495,Ananya Kumar,ananya.kumar495@example.com,2026-01-17,VIP
C0496,Aarav Kumar,aarav.kumar496@example.com,2024-04-29,Premium
C0497,Vivaan Mehta,vivaan.mehta497@example.com,2026-01-16,Premium
C0498,Rahul Patel,rahul.patel498@example.com,2026-03-04,VIP
C0499,Sneha Kaur,sneha.kaur499@example.com,2024-07-24,Premium
C0500,Vivaan Kaur,vivaan.kaur500@example.com,2026-01-01,Regular
