item_id,order_id,product_id,quantity,unit_price,discount_percent
I000001,O00801,P0194,4,6692.23,20
I000002,O00136,P0391,2,4087.63,15
I000003,O00780,P0231,4,1276.96,10
I000004,O00092,P0410,5,5349.57,15
I000005,O00397,P0120,4,2778.08,0
I000006,O00982,P0344,4,5913.71,0
I000007,O00887,P0085,1,4618.76,10
I000008,O00575,P0331,1,5186.92,0
I000009,O00198,P0490,5,4380.49,0
I000010,O00981,P0292,5,1596.23,15
I000011,O00515,P0460,1,1050.24,20
I000012,O00185,P0493,1,2272.2,5
I000013,O00252,P0425,5,3609.41,20
I000014,O00622,P0165,4,4752.25,15
I000015,O00883,P0479,1,2785.66,5
I000016,O00425,P0013,5,2607.32,10
I000017,O00094,P0059,1,4380.06,10
I000018,O00148,P0094,3,6169.61,5
I000019,O00315,P0488,4,5461.01,0
I000020,O00630,P0493,3,1533.52,0
I000021,O00306,P0200,1,2628.33,15
I000022,O00915,P0166,3,3066.55,0
I000023,O00054,P0104,2,6041.86,20
I000024,O00243,P0253,5,6043.88,15
I000025,O00973,P0059,3,578.99,15
I000026,O00567,P0209,1,3924.95,15
I000027,O00649,P0120,1,2226.36,20
I000028,O00692,P0052,2,6127.53,5
I000029,O00312,P0291,4,3623.26,20
I000030,O00209,P0401,2,3049.11,5
I000031,O00801,P0126,5,7625.64,20
I000032,O00463,P0022,1,6519.89,20
I000033,O00297,P0335,-1,575.38,15
I000034,O00280,P0307,3,6731.95,15
I000035,O00360,P0432,2,4722.76,20
I000036,O00289,P0024,2,5939.55,20
I000037,O00072,P0154,1,3222.91,0
I000038,O00851,P0072,5,7990.69,15
I000039,O00216,P0313,5,7663.6,10
I000040,O00906,P0350,3,5117.84,15
I000041,O00280,P0126,3,2798.88,15
I000042,O00983,P0307,3,225.41,5
I000043,O00662,P0473,1,4909.42,0
I000044,O00924,P0005,2,3363.99,15
I000045,O00781,P0202,5,741.08,0
I000046,O00552,P0016,4,5410.74,10
I000047,O00996,P0417,4,6636.99,10
I000048,O00397,P0091,1,1085.63,10
I000049,O00959,P0099,4,173.97,0
I000050,O00777,P0144,3,1612.94,20
I000051,O00641,P0156,2,1950.64,15
I000052,O00991,P0186,1,2317.98,20
I000053,O00215,P0004,2,7875.68,15
I000054,O00114,P0446,3,4595.91,15
I000055,O00175,P0283,2,5312.72,20
I000056,O00689,P0350,5,4564.61,0
I000057,O00603,P0066,1,1106.7,20
I000058,O00877,P0117,5,5858.3,10
I000059,O00197,P0435,1,7936.42,20
I000060,O00630,P0130,5,7076.51,0
I000061,O00961,P0219,1,6845.49,10
I000062,O00443,P0433,4,2264.88,20
I000063,O00478,P0254,3,4186.33,0
I000064,O00906,P0370,2,471.02,15
I000065,O00546,P0230,3,140.76,5
I000066,O00343,P0042,-1,7923.09,5
I000067,O00707,P0217,1,7344.26,5
I000068,O00169,P0169,3,596.47,0
I000069,O00029,P0246,4,6483.67,20
I000070,O00817,P0321,3,6740.01,5
I000071,O00111,P0243,2,7674.54,0
I000072,O00842,P0171,5,6373.48,0
I000073,O00795,P0308,5,3564.38,0
I000074,O00641,P0229,5,1086.13,0
I000075,O00939,P0018,4,2574.91,0
I000076,O00802,P0066,1,7361.01,15
I000077,O00057,P0155,5,5046.86,0
I000078,O00105,P0347,1,4518.14,10
I000079,O00871,P0196,4,857.06,15
I000080,O00239,P0443,5,6321.05,20
I000081,O00011,P0233,4,3767.25,15
I000082,O00902,P0318,5,900.1,0
I000083,O00465,P0265,3,4743.73,0
I000084,O00106,P0007,5,5735.07,20
I000085,O00809,P0431,2,7244.52,5
I000086,O00653,P0261,3,2907.59,15
I000087,O00743,P0318,4,1568.79,5
I000088,O00817,P0023,1,1108.68,20
I000089,O00447,P0263,3,2558.39,20
I000090,O00795,P0075,2,3809.24,20
I000091,O00352,P0150,3,7765.14,20
I000092,O00601,P0337,2,552.81,20
I000093,O00839,P0428,5,6883.75,15
I000094,O00353,P0101,2,5160.38,5
I000095,O00805,P0036,3,1595.91,15
I000096,O00712,P0355,4,4838.12,10
I000097,O00873,P0297,5,7708.21,20
I000098,O00307,P0215,3,1382.01,15
I000099,O00898,P0405,-2,1833.31,0
I000100,O00655,P0115,0,3785.64,5
I000101,O00245,P0247,3,6477.44,15
I000102,O00211,P0205,2,6626.07,0
I000103,O00372,P0006,1,2927.3,20
I000104,O00118,P0073,3,3579.22,20
I000105,O00935,P0392,3,446.85,0
I000106,O00204,P0102,3,1475.76,10
I000107,O00737,P0090,3,6795.52,5
I000108,O00183,P0101,1,1491.01,10
I000109,O00933,P0052,1,6668.42,5
I000110,O00389,P0336,1,2773.23,5
I000111,O00313,P0234,2,3020.16,10
I000112,O00677,P0088,5,7819.1,20
I000113,O00903,P0223,1,1036.1,5
I000114,O00814,P0098,2,4307.18,10
I000115,O00326,P0307,4,7818.15,5
I000116,O00944,P0024,5,4739.87,20
I000117,O00302,P0405,2,2688.68,0
I000118,O00645,P0408,3,6995.53,20
I000119,O00992,P0300,4,1752.98,0
I000120,O00804,P0241,5,612.5,20
I000121,O00398,P0385,5,3056.7,20
I000122,O00476,P0092,3,5728.65,20
I000123,O00712,P0248,4,3842.69,20
I000124,O00411,P0327,5,5232.92,5
I000125,O00225,P0459,2,3671.43,5
I000126,O00406,P0112,3,3457.68,15
I000127,O00586,P0081,3,2110.78,0
I000128,O00138,P0385,1,2430.88,20
I000129,O00361,P0118,5,425.03,20
I000130,O00637,P0173,4,3664.09,15
I000131,O00419,P0189,4,2604.46,15
I000132,O00026,P0092,-1,2198.44,0
I000133,O00368,P0462,1,2426.69,20
I000134,O00526,P0280,1,6308.4,5
I000135,O00101,P0061,1,2945.87,20
I000136,O00206,P0171,2,5433.35,10
I000137,O00310,P0382,3,1606.08,20
I000138,O00142,P0438,5,7307.82,0
I000139,O00789,P0154,3,6596.24,15
I000140,O00969,P0208,5,6086.67,0
I000141,O00484,P0335,5,7915.27,5
I000142,O00887,P0204,2,1892.72,5
I000143,O00486,P0120,5,4737.33,20
I000144,O00776,P0240,4,2791.21,0
I000145,O00321,P0434,2,3487.46,15
I000146,O00215,P0225,4,6838.26,0
I000147,O00384,P0072,5,7002.63,10
I000148,O00966,P0378,1,4048.42,10
I000149,O00348,P0116,4,3463.18,15
I000150,O00782,P0399,5,2467.13,20
I000151,O00024,P0291,1,7384.94,5
I000152,O00976,P0170,5,5075.73,20
I000153,O00936,P0312,5,6948.86,15
I000154,O00210,P0486,4,603.3,15
I000155,O00193,P0244,1,2697.85,15
I000156,O00655,P0459,3,836.61,0
I000157,O00692,P0284,2,353.27,20
I000158,O00501,P0014,2,1672.09,15
I000159,O00291,P0106,2,2399.73,20
I000160,O00072,P0233,1,3012.35,0
I000161,O00176,P0168,4,3189.73,0
I000162,O00133,P0275,4,3878.18,0
I000163,O00399,P0490,2,1126.47,5
I000164,O00318,P0222,4,1354.37,20
I000165,O00962,P0159,-1,4069.55,15
I000166,O00283,P0104,1,7929.57,15
I000167,O00066,P0423,4,4878.3,5
I000168,O00539,P0169,5,7045.99,15
I000169,O00474,P0295,1,5924.6,10
I000170,O00662,P0452,4,2839.58,10
I000171,O00401,P0314,2,3378.92,5
I000172,O00922,P0317,4,3716.84,5
I000173,O00716,P0292,1,3209.06,0
I000174,O00246,P0454,2,2262.83,20
I000175,O00299,P0342,1,5614.55,5
I000176,O00931,P0253,4,7939.88,20
I000177,O00125,P0189,1,6067.64,20
I000178,O00785,P0400,3,3339.76,5
I000179,O00259,P0107,5,452.62,0
I000180,O00075,P0328,4,3111.13,15
I000181,O00877,P0100,4,398.42,10
I000182,O00118,P0364,2,2684.17,15
I000183,O00497,P0237,1,752.13,5
I000184,O00731,P0487,4,1208.02,10
I000185,O00862,P0083,2,6724.12,20
I000186,O00103,P0091,3,1080.8,15
I000187,O00173,P0040,1,5451.33,5
I000188,O00452,P0184,2,1811.71,0
I000189,O00915,P0346,5,1807.72,0
I000190,O00857,P0326,5,5164.0,0
I000191,O00400,P0354,3,3607.49,20
I000192,O00005,P0025,4,6160.2,5
I000193,O00384,P0466,2,1679.89,0
I000194,O00432,P0015,1,2763.22,5
I000195,O00697,P0343,1,1842.49,0
I000196,O00817,P0428,2,5819.69,0
I000197,O00426,P0263,1,6543.43,10
I000198,O00576,P0321,-3,1736.24,20
I000199,O00405,P0481,4,1054.35,5
I000200,O00109,P0183,0,1471.61,15
I000201,O00670,P0162,1,3174.57,15
I000202,O00226,P0034,3,5234.57,10
I000203,O00045,P0035,2,3347.67,20
I000204,O00512,P0053,5,6350.95,20
I000205,O00176,P0129,1,4838.95,15
I000206,O00695,P0474,2,2723.17,10
I000207,O00872,P0342,4,633.36,0
I000208,O00624,P0467,5,3646.4,20
I000209,O00656,P0380,2,4077.02,0
I000210,O00239,P0011,5,6095.63,0
I000211,O00317,P0122,4,6082.24,20
I000212,O00082,P0031,2,3058.74,10
I000213,O00207,P0078,4,1714.64,0
I000214,O00244,P0473,5,7909.56,15
I000215,O00757,P0450,3,1160.71,10
I000216,O00660,P0403,1,4214.9,15
I000217,O00664,P0417,3,6029.35,5
I000218,O00868,P0376,3,2807.55,5
I000219,O00553,P0028,2,6431.47,5
I000220,O00623,P0447,4,4219.63,5
I000221,O00453,P0323,1,610.47,15
I000222,O00072,P0489,2,511.64,5
I000223,O00961,P0105,2,824.9,20
I000224,O00563,P0426,2,1966.85,0
I000225,O00437,P0372,4,2560.56,5
I000226,O00251,P0218,2,4886.22,10
I000227,O00293,P0296,4,7745.03,5
I000228,O00279,P0442,4,732.13,10
I000229,O00408,P0194,2,3818.64,15
I000230,O00518,P0313,4,6106.56,15
I000231,O00021,P0391,-2,6846.93,10
I000232,O00610,P0276,2,4467.53,5
I000233,O00264,P0195,4,2516.19,10
I000234,O00385,P0288,5,3898.67,10
I000235,O00140,P0367,4,1646.15,5
I000236,O00005,P0007,5,5869.91,10
I000237,O00504,P0208,4,7528.25,10
I000238,O00394,P0251,3,5164.28,20
I000239,O00073,P0210,1,7940.53,0
I000240,O00395,P0478,5,1382.66,15
I000241,O00981,P0131,3,4125.91,15
I000242,O00651,P0353,3,5602.0,15
I000243,O00949,P0218,2,2014.59,0
I000244,O00944,P0417,3,5084.53,0
I000245,O00715,P0341,2,2164.51,15
I000246,O00967,P0349,2,2108.88,20
I000247,O00593,P0488,2,197.47,0
I000248,O00660,P0365,4,3241.57,20
I000249,O00998,P0462,1,4196.44,5
I000250,O00898,P0217,2,6655.02,10
I000251,O00709,P0155,5,7744.7,15
I000252,O00601,P0158,4,6044.45,0
I000253,O00112,P0326,5,6235.86,10
I000254,O00834,P0074,3,6014.97,15
I000255,O00716,P0158,1,7897.5,15
I000256,O00002,P0050,1,6212.57,15
I000257,O00538,P0214,3,5891.03,5
I000258,O00181,P0192,2,5661.97,5
I000259,O00499,P0094,5,7593.02,15
I000260,O00581,P0417,2,1566.54,0
I000261,O00768,P0094,2,2148.88,15
I000262,O00452,P0321,5,962.64,5
I000263,O00082,P0151,1,3084.06,10
I000264,O00066,P0176,-3,1954.76,15
I000265,O00689,P0390,1,175.1,10
I000266,O00770,P0490,1,5356.05,0
I000267,O00100,P0109,5,6355.11,15
I000268,O00618,P0267,3,7463.81,15
I000269,O00776,P0173,5,3492.68,10
I000270,O00699,P0456,3,7995.62,5
I000271,O00964,P0185,4,3089.64,0
I000272,O00999,P0183,3,6469.53,0
I000273,O00468,P0446,4,5829.24,5
I000274,O00027,P0309,1,6965.14,10
I000275,O00974,P0359,2,3010.6,20
I000276,O00703,P0338,4,4167.82,5
I000277,O00004,P0327,3,231.38,10
I000278,O00895,P0024,3,5455.64,5
I000279,O00622,P0249,4,5939.72,0
I000280,O00357,P0220,4,7896.28,0
I000281,O00752,P0198,3,4896.67,5
I000282,O00891,P0267,5,6300.41,20
I000283,O00033,P0066,4,6394.88,10
I000284,O00853,P0345,5,7899.03,15
I000285,O00173,P0459,4,7644.9,15
I000286,O00679,P0277,2,2022.51,5
I000287,O00772,P0484,1,933.21,0
I000288,O00165,P0476,3,7230.92,10
I000289,O00226,P0369,3,5360.87,0
I000290,O00682,P0070,5,5105.03,15
I000291,O00093,P0408,3,6988.33,20
I000292,O00785,P0474,5,610.87,10
I000293,O00387,P0467,4,5265.97,20
I000294,O00990,P0439,4,6486.74,5
I000295,O00266,P0060,3,792.67,0
I000296,O00349,P0380,5,7503.96,0
I000297,O00587,P0189,-2,7637.14,20
I000298,O00755,P0001,3,588.89,20
I000299,O00195,P0434,4,7840.81,10
I000300,O00790,P0187,0,4206.04,20
I000301,O00605,P0114,1,3222.97,20
I000302,O00873,P0236,3,1243.14,10
I000303,O00858,P0113,4,5471.85,5
I000304,O00616,P0146,2,6001.77,0
I000305,O00614,P0164,3,4068.79,0
I000306,O00281,P0435,5,3878.43,5
I000307,O00507,P0150,4,564.62,10
I000308,O00157,P0424,2,6799.75,5
I000309,O00718,P0377,1,7392.95,5
I000310,O00878,P0250,4,2462.9,5
I000311,O00023,P0281,4,2765.54,15
I000312,O00357,P0388,4,3189.4,20
I000313,O00745,P0145,3,5601.37,5
I000314,O00718,P0439,5,3210.8,5
I000315,O00332,P0386,5,6940.26,0
I000316,O00871,P0479,3,3714.51,5
I000317,O00592,P0071,4,5598.05,10
I000318,O00919,P0075,2,1823.28,5
I000319,O00753,P0334,1,2961.58,20
I000320,O00105,P0348,2,3074.79,15
I000321,O00696,P0431,2,7415.28,0
I000322,O00365,P0499,4,1519.1,0
I000323,O00121,P0264,3,4787.8,5
I000324,O00643,P0370,4,2035.51,0
I000325,O00247,P0204,4,2491.25,20
I000326,O00978,P0089,4,6229.21,0
I000327,O00797,P0238,4,2274.21,15
I000328,O00377,P0006,1,1021.36,0
I000329,O00501,P0329,5,1876.99,20
I000330,O00587,P0294,-2,5580.43,0
I000331,O00814,P0304,2,3133.28,15
I000332,O00306,P0293,2,885.59,0
I000333,O00731,P0466,5,1560.63,0
I000334,O00404,P0285,5,6289.45,20
I000335,O00501,P0033,5,6713.44,20
I000336,O00731,P0420,1,6052.71,5
I000337,O00989,P0338,1,1527.25,20
I000338,O00712,P0093,1,4482.3,10
I000339,O00126,P0021,2,4643.14,5
I000340,O00090,P0288,3,6826.46,0
I000341,O00087,P0064,5,2458.77,20
I000342,O00176,P0217,1,2061.86,0
I000343,O00969,P0485,5,7246.49,10
I000344,O00675,P0274,4,1204.85,15
I000345,O00712,P0161,5,7295.19,10
I000346,O00621,P0276,5,1757.73,0
I000347,O00679,P0420,1,1973.09,5
I000348,O00146,P0154,2,7663.64,20
I000349,O00566,P0111,5,2936.61,5
I000350,O00747,P0319,4,687.44,10
I000351,O00267,P0196,2,3260.47,0
I000352,O00968,P0131,4,7527.57,5
I000353,O00549,P0105,1,5073.59,10
I000354,O00649,P0357,2,5744.12,20
I000355,O00674,P0332,5,4879.06,15
I000356,O00842,P0079,3,7940.35,15
I000357,O00389,P0014,5,2055.23,10
I000358,O00128,P0273,1,5503.44,15
I000359,O00068,P0169,1,2966.27,10
I000360,O00797,P0140,2,6963.96,5
I000361,O00281,P0006,1,3079.53,5
I000362,O00388,P0488,1,6283.6,0
I000363,O00180,P0270,-3,6588.61,15
I000364,O00098,P0271,3,5633.6,10
I000365,O00565,P0139,5,882.62,0
I000366,O00175,P0163,4,1527.31,20
I000367,O00565,P0305,4,3867.21,5
I000368,O00266,P0005,5,5734.46,5
I000369,O00147,P0194,5,5909.84,0
I000370,O00941,P0372,3,5689.27,5
I000371,O00695,P0312,4,5683.62,5
I000372,O00450,P0182,4,4067.61,10
I000373,O00976,P0220,5,7539.25,5
I000374,O00313,P0326,1,7584.89,15
I000375,O00790,P0161,1,5113.95,0
I000376,O00748,P0123,1,1404.39,0
I000377,O00087,P0381,3,4477.86,15
I000378,O00828,P0448,1,7701.11,15
I000379,O00694,P0261,2,3889.28,20
I000380,O00702,P0347,5,5613.27,15
I000381,O00015,P0316,2,7296.0,0
I000382,O00732,P0218,5,6022.38,5
I000383,O00757,P0339,5,5504.22,0
I000384,O00622,P0230,2,5428.73,20
I000385,O00926,P0116,2,693.47,5
I000386,O00527,P0181,1,3439.51,15
I000387,O00175,P0192,1,2769.87,5
I000388,O00852,P0277,1,2391.51,15
I000389,O00301,P0136,2,117.65,20
I000390,O00404,P0112,3,7439.96,20
I000391,O00846,P0458,1,7489.77,20
I000392,O00869,P0250,1,2910.38,20
I000393,O00472,P0169,3,2895.75,0
I000394,O00359,P0456,2,3276.34,0
I000395,O00104,P0221,4,1660.6,20
I000396,O00527,P0461,-2,1078.36,15
I000397,O00008,P0080,3,1886.15,15
I000398,O00384,P0154,3,3483.9,5
I000399,O00550,P0416,3,958.69,15
I000400,O00673,P0430,0,1378.49,10
I000401,O00766,P0223,1,2937.97,5
I000402,O00114,P0098,3,418.02,15
I000403,O00432,P0381,3,7217.88,5
I000404,O00683,P0102,4,7681.62,10
I000405,O00122,P0216,4,4445.98,5
I000406,O00333,P0385,4,4064.68,15
I000407,O00135,P0057,1,6362.43,5
I000408,O00160,P0177,5,207.83,5
I000409,O00054,P0348,3,3494.35,20
I000410,O00756,P0005,4,3893.52,10
I000411,O00498,P0043,4,2057.2,5
I000412,O00747,P0262,2,2070.79,0
I000413,O00885,P0135,2,5364.01,15
I000414,O00204,P0243,1,5639.05,20
I000415,O00626,P0093,2,7941.16,20
I000416,O00645,P0325,2,1912.14,5
I000417,O00411,P0020,3,7924.15,5
I000418,O00437,P0010,5,1677.18,0
I000419,O00390,P0209,5,2520.92,5
I000420,O00228,P0173,4,3885.64,20
I000421,O00438,P0330,1,2503.89,10
I000422,O00373,P0144,3,5721.53,5
I000423,O00328,P0459,1,1535.84,0
I000424,O00054,P0339,3,1774.62,15
I000425,O00287,P0466,5,896.02,5
I000426,O00259,P0486,4,2972.29,10
I000427,O00115,P0050,1,5495.4,5
I000428,O00340,P0185,3,5969.16,20
I000429,O00542,P0310,-1,5236.96,5
I000430,O00599,P0197,1,7108.83,5
I000431,O00645,P0381,5,1050.8,20
I000432,O00992,P0468,2,1624.13,15
I000433,O00948,P0051,1,7540.36,20
I000434,O00352,P0155,4,7918.19,5
I000435,O00547,P0370,2,446.11,5
I000436,O00429,P0282,3,7143.53,20
I000437,O00999,P0178,3,3643.01,0
I000438,O00933,P0224,1,3914.28,20
I000439,O00954,P0488,5,6347.99,5
I000440,O00614,P0141,2,2388.29,20
I000441,O00063,P0407,2,5951.65,15
I000442,O00507,P0351,5,6975.02,0
I000443,O00170,P0225,5,3134.79,15
I000444,O00411,P0311,3,1734.7,0
I000445,O00164,P0293,2,4777.69,0
I000446,O00901,P0476,5,3697.98,20
I000447,O00266,P0156,2,2441.27,10
I000448,O00566,P0061,2,1869.04,20
I000449,O00244,P0150,1,5152.96,10
I000450,O00950,P0069,3,6999.72,0
I000451,O00658,P0128,2,4323.3,0
I000452,O00665,P0178,5,7780.53,10
I000453,O00086,P0485,5,2185.9,5
I000454,O00419,P0460,5,2429.67,0
I000455,O00641,P0418,1,6609.06,5
I000456,O00749,P0495,3,1496.21,0
I000457,O00551,P0337,5,940.9,15
I000458,O00969,P0335,3,6973.2,20
I000459,O00565,P0106,4,1843.05,10
I000460,O00209,P0298,4,1329.57,5
I000461,O00748,P0372,4,3012.26,15
I000462,O00096,P0254,-2,1561.72,5
I000463,O00194,P0292,4,7552.5,5
I000464,O00664,P0145,1,2550.27,5
I000465,O00838,P0202,5,1584.0,5
I000466,O00074,P0219,2,3694.69,15
I000467,O00103,P0371,5,1184.6,0
I000468,O00618,P0052,4,3133.53,0
I000469,O00847,P0007,1,1144.21,0
I000470,O00275,P0074,5,206.63,0
I000471,O00981,P0406,1,4384.72,10
I000472,O00874,P0363,1,1698.34,15
I000473,O00778,P0289,4,6542.17,10
I000474,O00340,P0246,2,2026.09,20
I000475,O00709,P0137,5,1072.3,0
I000476,O00106,P0279,3,910.27,15
I000477,O00146,P0001,2,289.61,15
I000478,O00395,P0076,3,5277.38,5
I000479,O00944,P0451,4,5525.45,0
I000480,O00504,P0087,1,1873.73,10
I000481,O00366,P0040,5,2736.43,10
I000482,O00946,P0474,1,7175.13,20
I000483,O00155,P0092,4,4290.8,20
I000484,O00186,P0348,4,1286.74,10
I000485,O00640,P0419,3,2852.25,0
I000486,O00278,P0470,4,5327.68,10
I000487,O00831,P0465,1,6331.96,5
I000488,O00797,P0336,2,2630.02,15
I000489,O00458,P0370,4,6535.73,0
I000490,O00592,P0219,3,1242.88,10
I000491,O00131,P0094,4,2885.61,15
I000492,O00435,P0247,4,4853.77,10
I000493,O00142,P0411,2,3127.16,20
I000494,O00510,P0276,5,3991.55,20
I000495,O00842,P0118,-1,4689.62,15
I000496,O00540,P0296,2,5654.44,5
I000497,O00371,P0002,2,7951.85,0
I000498,O00372,P0286,4,7665.16,0
I000499,O00062,P0467,3,2950.78,5
I000500,O00302,P0236,0,6698.49,20
I000501,O00996,P0477,4,2015.73,5
I000502,O00058,P0383,2,1026.16,5
I000503,O00387,P0376,1,5599.37,15
I000504,O00381,P0028,1,5335.7,0
I000505,O00489,P0429,5,6976.77,0
I000506,O00151,P0188,2,724.05,0
I000507,O00013,P0292,4,1282.77,5
I000508,O00482,P0381,2,6010.05,10
I000509,O00482,P0211,3,3607.39,0
I000510,O00294,P0057,2,574.01,0
I000511,O00619,P0385,2,4076.03,0
I000512,O00406,P0427,4,5471.24,15
I000513,O00568,P0365,3,7361.29,20
I000514,O00314,P0364,2,3447.0,5
I000515,O00279,P0499,1,4219.86,5
I000516,O00761,P0109,4,4990.45,5
I000517,O00402,P0095,5,4880.16,0
I000518,O00837,P0355,4,3871.59,15
I000519,O00848,P0195,2,531.91,10
I000520,O00663,P0218,2,2232.36,0
I000521,O00080,P0186,5,6252.5,10
I000522,O00029,P0123,3,1385.81,0
I000523,O00067,P0109,5,186.72,10
I000524,O00193,P0283,2,5143.27,0
I000525,O00247,P0138,1,7815.64,20
I000526,O00046,P0289,4,460.88,10
I000527,O00096,P0484,3,166.98,10
I000528,O00770,P0145,-3,1639.58,15
I000529,O00744,P0183,2,5650.99,0
I000530,O00340,P0209,5,897.92,5
I000531,O00025,P0301,4,3867.93,0
I000532,O00298,P0083,2,5490.75,0
I000533,O00907,P0321,1,7627.26,5
I000534,O00906,P0111,2,6173.72,5
I000535,O00987,P0257,5,7939.0,20
I000536,O00668,P0268,3,3635.09,5
I000537,O00348,P0149,3,5025.42,15
I000538,O00041,P0457,4,1988.97,20
I000539,O00622,P0039,2,4578.52,15
I000540,O00100,P0413,1,1226.72,10
I000541,O00561,P0445,1,4041.41,15
I000542,O00322,P0087,3,1375.63,10
I000543,O00591,P0187,3,804.91,5
I000544,O00728,P0396,4,2137.76,15
I000545,O00263,P0391,4,5237.31,5
I000546,O00963,P0064,5,3957.25,10
I000547,O00880,P0147,4,3331.36,20
I000548,O00940,P0349,2,3582.54,20
I000549,O00866,P0320,3,3052.1,15
I000550,O00519,P0231,3,7031.53,0
I000551,O00636,P0330,1,5954.24,5
I000552,O00717,P0421,5,162.75,0
I000553,O00298,P0193,2,4604.06,0
I000554,O00229,P0199,4,5386.29,10
I000555,O00478,P0240,5,7211.0,15
I000556,O00112,P0044,2,5881.05,15
I000557,O00787,P0222,2,3272.01,0
I000558,O00325,P0176,5,3941.73,15
I000559,O00118,P0143,4,402.43,5
I000560,O00972,P0241,2,5157.71,10
I000561,O00582,P0017,-2,592.96,10
I000562,O00809,P0221,4,1786.02,5
I000563,O00889,P0012,4,2231.8,5
I000564,O00086,P0073,1,2263.85,0
I000565,O00306,P0448,4,6983.18,20
I000566,O00220,P0343,3,1554.22,0
I000567,O00095,P0459,4,2801.95,10
I000568,O00169,P0102,3,7541.34,15
I000569,O00487,P0275,2,7728.16,15
I000570,O00364,P0468,5,3174.19,0
I000571,O00575,P0401,5,1668.62,20
I000572,O00632,P0075,3,5346.1,10
I000573,O00015,P0078,4,7477.17,15
I000574,O00886,P0163,1,6356.93,15
I000575,O00270,P0267,1,7907.08,5
I000576,O00650,P0231,5,869.82,5
I000577,O00764,P0097,4,5601.92,5
I000578,O00616,P0194,2,2849.88,5
I000579,O00996,P0348,5,7645.33,10
I000580,O00834,P0187,1,2485.36,10
I000581,O00515,P0420,1,5624.61,15
I000582,O00424,P0211,3,2882.47,20
I000583,O00437,P0268,3,995.7,5
I000584,O00470,P0220,3,1497.47,20
I000585,O00167,P0278,4,3114.35,15
I000586,O00650,P0146,5,7509.42,0
I000587,O00090,P0413,1,808.14,0
I000588,O00632,P0478,4,919.03,20
I000589,O00950,P0279,1,5104.85,20
I000590,O00596,P0413,1,5374.91,15
I000591,O00217,P0115,4,4457.54,0
I000592,O00201,P0439,4,7609.36,10
I000593,O00991,P0407,4,3362.18,15
I000594,O00008,P0482,-1,4109.73,10
I000595,O00901,P0338,3,2528.43,15
I000596,O00690,P0124,1,7211.48,15
I000597,O00034,P0008,1,1311.67,10
I000598,O00861,P0419,5,6578.27,20
I000599,O00326,P0172,2,7677.37,15
I000600,O00248,P0285,0,1622.02,15
I000601,O00849,P0027,5,3489.91,15
I000602,O00746,P0089,4,7242.95,20
I000603,O00163,P0224,2,886.67,5
I000604,O00517,P0061,5,6295.82,10
I000605,O00858,P0284,2,7594.73,5
I000606,O00096,P0048,1,3555.63,20
I000607,O00157,P0015,5,5689.85,0
I000608,O00586,P0196,1,5964.48,5
I000609,O00465,P0325,3,1573.79,5
I000610,O00305,P0100,5,6739.61,15
I000611,O00789,P0134,1,2272.22,5
I000612,O00643,P0012,5,6948.82,0
I000613,O00471,P0475,5,1069.21,5
I000614,O00290,P0135,2,832.94,15
I000615,O00865,P0186,2,3187.32,15
I000616,O00815,P0012,4,681.25,0
I000617,O00216,P0352,4,3064.51,10
I000618,O00649,P0466,4,6487.54,5
I000619,O00306,P0006,2,5311.36,20
I000620,O00876,P0017,1,7809.74,10
I000621,O00496,P0315,5,4417.21,5
I000622,O00535,P0380,3,7420.01,5
I000623,O00621,P0016,5,282.0,20
I000624,O00780,P0079,2,6948.31,0
I000625,O00921,P0112,1,2687.56,5
I000626,O00086,P0373,2,2213.97,15
I000627,O00205,P0489,-2,5693.86,10
I000628,O00479,P0382,4,3544.89,15
I000629,O00945,P0099,3,1466.38,10
I000630,O00985,P0202,1,4710.82,20
I000631,O00320,P0085,2,7634.72,15
I000632,O00444,P0453,4,3447.52,10
I000633,O00836,P0164,5,949.72,15
I000634,O00440,P0103,5,2888.03,0
I000635,O00461,P0086,1,7668.97,10
I000636,O00601,P0210,3,4870.67,20
I000637,O00361,P0204,1,1005.73,10
I000638,O00440,P0405,2,2926.18,0
I000639,O00221,P0337,3,3038.52,10
I000640,O00126,P0005,3,5537.51,10
I000641,O00219,P0239,5,6382.39,5
I000642,O00576,P0034,4,2340.55,5
I000643,O00540,P0112,1,4531.57,20
I000644,O00969,P0453,1,4634.19,15
I000645,O00699,P0388,4,2610.49,10
I000646,O00203,P0101,1,6441.53,15
I000647,O00048,P0141,4,1042.15,15
I000648,O00176,P0308,3,4770.25,5
I000649,O00591,P0011,3,240.91,20
I000650,O00005,P0467,4,2346.49,15
I000651,O00038,P0459,5,7352.47,0
I000652,O00346,P0331,1,648.69,0
I000653,O00850,P0411,4,5813.7,10
I000654,O00325,P0386,3,3262.72,20
I000655,O00794,P0161,4,4937.33,15
I000656,O00306,P0357,4,3997.36,0
I000657,O00864,P0192,5,911.67,5
I000658,O00049,P0423,1,1196.0,10
I000659,O00883,P0353,4,1888.1,0
I000660,O00196,P0371,-3,7917.56,0
I000661,O00266,P0453,1,975.35,10
I000662,O00077,P0136,3,5534.58,15
I000663,O00277,P0358,2,7406.38,20
I000664,O00472,P0062,2,2622.73,5
I000665,O00772,P0300,4,5131.54,0
I000666,O00535,P0271,2,4665.29,15
I000667,O01000,P0144,3,6203.89,15
I000668,O00232,P0048,3,6153.0,0
I000669,O00362,P0286,2,5309.9,5
I000670,O00712,P0040,1,7776.95,0
I000671,O00218,P0007,2,3798.39,15
I000672,O00193,P0250,1,2789.56,20
I000673,O00780,P0271,5,6881.82,10
I000674,O00726,P0233,2,6797.68,0
I000675,O00937,P0067,2,7341.91,15
I000676,O00999,P0232,5,4156.37,15
I000677,O00193,P0036,3,3442.44,10
I000678,O00975,P0446,5,5222.23,5
I000679,O00473,P0449,1,5985.71,5
I000680,O00017,P0458,4,1577.54,0
I000681,O00488,P0339,5,3675.86,10
I000682,O00122,P0475,5,764.13,15
I000683,O00218,P0078,4,4067.3,20
I000684,O00342,P0028,4,2253.45,0
I000685,O00051,P0333,4,5882.81,15
I000686,O00199,P0151,2,3281.27,20
I000687,O00283,P0272,5,3999.57,15
I000688,O00112,P0349,1,5206.12,0
I000689,O00225,P0059,1,7170.96,20
I000690,O00273,P0123,1,4303.84,10
I000691,O00232,P0452,5,5626.15,15
I000692,O00402,P0202,1,1837.12,10
I000693,O00508,P0106,-1,2846.3,10
I000694,O00723,P0306,3,5897.67,0
I000695,O00190,P0258,5,3866.39,10
I000696,O00874,P0465,2,1444.84,0
I000697,O00171,P0096,3,7208.97,5
I000698,O00986,P0007,4,3480.59,0
I000699,O00182,P0499,3,7061.93,5
I000700,O00696,P0390,0,4792.64,15
I000701,O00598,P0001,4,6998.43,15
I000702,O00113,P0024,1,4581.41,10
I000703,O00856,P0117,5,4074.86,5
I000704,O00794,P0049,1,2506.36,10
I000705,O00464,P0252,3,7919.37,10
I000706,O00680,P0250,3,2977.89,0
I000707,O00848,P0181,3,5710.24,20
I000708,O00794,P0340,5,3926.4,10
I000709,O00703,P0266,1,1268.41,15
I000710,O00877,P0113,2,2921.84,0
I000711,O00251,P0296,4,2939.42,0
I000712,O00199,P0472,4,5146.0,10
I000713,O00899,P0321,5,7203.85,15
I000714,O00982,P0449,5,1482.12,10
I000715,O00910,P0170,4,4754.27,10
I000716,O00317,P0098,1,4678.18,10
I000717,O00855,P0314,1,3524.33,15
I000718,O00581,P0496,3,2378.43,0
I000719,O00511,P0475,2,3783.91,5
I000720,O00536,P0495,3,5027.98,5
I000721,O00311,P0250,3,610.47,10
I000722,O00016,P0233,1,1816.87,20
I000723,O00127,P0028,4,2515.99,15
I000724,O00361,P0339,1,494.23,5
I000725,O00359,P0450,3,6303.58,20
I000726,O00682,P0491,-1,7634.11,10
I000727,O00147,P0376,2,3513.2,0
I000728,O00298,P0113,1,3838.1,10
I000729,O00255,P0416,4,3438.25,0
I000730,O00915,P0134,3,4816.61,5
I000731,O00578,P0224,3,6454.6,5
I000732,O00700,P0394,2,2075.16,15
I000733,O00568,P0103,3,2509.47,10
I000734,O00581,P0475,4,4412.06,15
I000735,O00802,P0449,4,858.73,20
I000736,O00453,P0356,3,4080.14,10
I000737,O00480,P0182,4,3785.77,15
I000738,O00473,P0015,5,308.73,15
I000739,O00091,P0387,2,4960.15,10
I000740,O00806,P0125,5,4146.43,5
I000741,O00636,P0279,5,7034.66,0
I000742,O00774,P0433,4,1094.89,0
I000743,O00474,P0414,5,3735.74,0
I000744,O00087,P0029,3,6656.16,0
I000745,O00342,P0305,1,6593.33,20
I000746,O00494,P0354,3,6928.08,0
I000747,O00759,P0300,5,5940.97,0
I000748,O00719,P0105,5,1238.8,15
I000749,O00140,P0115,2,2477.05,10
I000750,O00737,P0480,1,6464.37,20
I000751,O00705,P0103,1,630.42,5
I000752,O00619,P0451,1,4206.6,5
I000753,O00210,P0054,4,294.79,20
I000754,O00455,P0201,1,7415.75,10
I000755,O00415,P0248,2,6580.14,20
I000756,O00267,P0421,5,5482.43,20
I000757,O00127,P0222,2,5125.96,5
I000758,O00146,P0420,2,1449.13,20
I000759,O00206,P0244,-2,2386.65,0
I000760,O00983,P0302,4,3001.98,10
I000761,O00401,P0198,1,3765.31,15
I000762,O00152,P0015,3,3710.95,20
I000763,O00399,P0006,5,2491.82,20
I000764,O00456,P0022,3,7706.09,15
I000765,O00904,P0371,4,2287.54,5
I000766,O00367,P0257,5,1765.16,20
I000767,O00400,P0263,1,1478.53,5
I000768,O00361,P0336,5,2780.4,5
I000769,O00286,P0402,3,7395.47,0
I000770,O00939,P0430,4,3074.53,15
I000771,O00621,P0338,2,4650.71,20
I000772,O00795,P0338,5,2147.89,10
I000773,O00603,P0490,5,2849.95,20
I000774,O00850,P0207,1,454.94,5
I000775,O00238,P0050,1,4045.53,15
I000776,O00332,P0390,2,7852.49,5
I000777,O00108,P0461,2,5852.49,15
I000778,O00774,P0499,4,7386.77,0
I000779,O00627,P0129,1,395.6,0
I000780,O00453,P0391,3,4891.61,0
I000781,O00946,P0090,3,950.52,15
I000782,O00387,P0069,5,4496.1,5
I000783,O00259,P0252,4,5462.91,5
I000784,O00207,P0380,2,3529.1,20
I000785,O00829,P0405,2,779.54,0
I000786,O00645,P0492,1,1707.96,5
I000787,O00915,P0003,3,6217.65,20
I000788,O00560,P0443,1,2791.62,20
I000789,O00509,P0098,2,4605.92,15
I000790,O00513,P0181,3,4985.98,20
I000791,O00874,P0071,1,3567.14,15
I000792,O00895,P0037,-1,1104.82,20
I000793,O00306,P0052,1,4039.83,0
I000794,O00616,P0277,3,278.09,10
I000795,O00945,P0425,3,3184.37,10
I000796,O00070,P0447,2,7748.11,0
I000797,O00548,P0295,2,6840.24,20
I000798,O00513,P0160,4,4987.29,20
I000799,O00715,P0457,1,4703.9,10
I000800,O00669,P0016,0,2770.56,10
I000801,O00206,P0172,1,1200.38,20
I000802,O00837,P0376,3,7400.98,0
I000803,O00242,P0253,1,6464.73,20
I000804,O00927,P0313,1,2832.18,0
I000805,O00973,P0214,5,5940.39,0
I000806,O00909,P0283,4,7578.15,10
I000807,O00741,P0022,1,381.24,20
I000808,O00231,P0333,3,3508.97,10
I000809,O00801,P0436,2,269.4,0
I000810,O00027,P0397,2,4320.07,15
I000811,O00699,P0351,1,4464.72,0
I000812,O00397,P0393,4,5593.98,15
I000813,O00719,P0219,5,1188.39,15
I000814,O00121,P0460,5,7862.02,10
I000815,O00361,P0100,3,3548.55,0
I000816,O00244,P0119,1,4750.08,5
I000817,O00423,P0383,5,4587.58,0
I000818,O00895,P0369,2,6519.71,0
I000819,O00059,P0065,4,1526.69,0
I000820,O00322,P0180,5,5276.15,5
I000821,O00300,P0067,5,3242.77,0
I000822,O00673,P0040,1,2076.57,20
I000823,O00211,P0254,3,7191.36,5
I000824,O00455,P0366,3,7537.27,20
I000825,O00300,P0445,-3,7154.53,10
I000826,O00715,P0278,5,924.59,10
I000827,O00923,P0211,5,3941.04,0
I000828,O00209,P0467,2,6747.26,20
I000829,O00237,P0157,5,1765.08,10
I000830,O00743,P0418,2,383.35,5
I000831,O00716,P0226,4,7629.06,0
I000832,O00511,P0429,1,2235.36,20
I000833,O00394,P0154,1,571.79,20
I000834,O00394,P0254,1,6915.91,15
I000835,O00455,P0023,2,1725.27,5
I000836,O00676,P0221,5,512.85,10
I000837,O00033,P0278,3,7504.07,20
I000838,O00773,P0458,3,7389.32,10
I000839,O00830,P0386,5,1810.7,0
I000840,O00350,P0372,5,3529.2,15
I000841,O00802,P0374,1,6478.43,20
I000842,O00398,P0488,3,6882.26,20
I000843,O00475,P0218,5,5781.84,20
I000844,O00267,P0084,4,3791.93,5
I000845,O00136,P0465,1,2317.53,10
I000846,O00088,P0128,5,2437.02,20
I000847,O00405,P0020,5,2266.73,10
I000848,O00676,P0129,5,197.48,10
I000849,O00583,P0339,3,6704.4,5
I000850,O00455,P0237,1,3575.28,15
I000851,O00038,P0495,3,3893.64,20
I000852,O00224,P0210,1,4678.61,0
I000853,O00284,P0460,5,4456.44,0
I000854,O00452,P0093,3,6151.22,10
I000855,O00266,P0445,4,1105.06,5
I000856,O00151,P0447,5,5282.23,5
I000857,O00118,P0336,1,1555.62,20
I000858,O00882,P0226,-2,431.45,5
I000859,O00063,P0488,3,7804.73,0
I000860,O00695,P0433,3,4369.49,0
I000861,O00615,P0121,3,962.39,20
I000862,O00455,P0058,5,711.86,5
I000863,O00334,P0293,3,6650.19,15
I000864,O00074,P0329,4,7019.24,5
I000865,O00026,P0168,5,6326.5,10
I000866,O00999,P0209,3,3818.41,10
I000867,O00637,P0016,2,3009.59,10
I000868,O00953,P0077,5,301.73,20
I000869,O00217,P0414,3,4135.29,20
I000870,O00803,P0298,3,7525.52,15
I000871,O00851,P0299,1,5290.77,5
I000872,O00391,P0391,1,7645.92,5
I000873,O00579,P0258,5,5079.56,15
I000874,O00552,P0376,1,6796.0,20
I000875,O00818,P0027,5,3831.4,20
I000876,O00533,P0226,3,2226.54,20
I000877,O00301,P0467,2,2696.61,10
I000878,O00237,P0234,3,6010.69,0
I000879,O00710,P0124,4,5889.11,15
I000880,O00371,P0041,3,4527.61,0
I000881,O00937,P0186,4,4881.23,15
I000882,O00806,P0215,2,4597.8,5
I000883,O00948,P0276,2,6233.94,15
I000884,O00691,P0300,2,4883.81,10
I000885,O00350,P0161,1,743.9,15
I000886,O00518,P0076,5,4004.18,5
I000887,O00922,P0093,4,222.55,0
I000888,O00429,P0135,5,5719.92,15
I000889,O00761,P0052,2,6968.72,15
I000890,O00025,P0354,2,7920.47,5
I000891,O00528,P0444,-2,7243.66,10
I000892,O00131,P0206,5,2007.34,10
I000893,O00122,P0173,3,4772.68,20
I000894,O00111,P0370,1,682.65,10
I000895,O00973,P0230,4,5083.57,15
I000896,O00297,P0388,4,5630.9,5
I000897,O00742,P0393,5,7339.1,20
I000898,O00086,P0078,1,4789.07,10
I000899,O00691,P0333,4,3097.06,15
I000900,O00181,P0261,0,2306.47,0
I000901,O00238,P0153,4,2794.83,20
I000902,O00531,P0460,5,4680.64,15
I000903,O00293,P0166,4,2616.77,5
I000904,O00977,P0074,1,6530.5,5
I000905,O00441,P0266,3,4643.59,20
I000906,O00322,P0051,3,2349.85,0
I000907,O00295,P0141,4,3567.44,5
I000908,O00296,P0481,3,7911.56,0
I000909,O00947,P0119,3,1213.92,5
I000910,O00566,P0430,5,6063.43,0
I000911,O00613,P0463,1,7682.87,20
I000912,O00551,P0410,2,152.65,0
I000913,O00379,P0105,3,7540.27,20
I000914,O00437,P0375,4,4215.06,15
I000915,O00303,P0471,1,5758.38,0
I000916,O00456,P0456,4,3996.72,0
I000917,O00886,P0071,3,5879.91,0
I000918,O00992,P0182,1,5979.79,5
I000919,O00745,P0039,3,1338.14,10
I000920,O00283,P0233,5,5409.44,0
I000921,O00724,P0353,3,7148.95,0
I000922,O00444,P0052,5,2608.46,20
I000923,O00677,P0429,1,7598.54,0
I000924,O00252,P0071,-2,6989.71,5
I000925,O00690,P0101,3,3813.91,15
I000926,O00834,P0096,4,2332.54,5
I000927,O00651,P0449,1,7611.58,5
I000928,O00004,P0223,1,3976.46,20
I000929,O00214,P0364,2,406.62,10
I000930,O00629,P0195,5,1954.25,10
I000931,O00496,P0272,2,7035.33,5
I000932,O00897,P0150,4,3972.75,15
I000933,O00613,P0183,5,3899.58,0
I000934,O00225,P0058,3,3414.79,15
I000935,O00334,P0127,4,1014.97,15
I000936,O00980,P0164,1,2845.87,15
I000937,O00722,P0066,4,6736.95,15
I000938,O00616,P0211,2,328.8,10
I000939,O00520,P0111,4,580.35,10
I000940,O00268,P0346,3,3348.71,15
I000941,O00436,P0205,3,7307.71,10
I000942,O00498,P0373,2,2784.75,0
I000943,O00316,P0230,4,1848.35,5
I000944,O00549,P0106,1,7588.23,20
I000945,O00626,P0169,2,4879.19,0
I000946,O00974,P0370,1,6439.06,0
I000947,O00800,P0361,3,7306.61,20
I000948,O00065,P0336,1,4197.33,10
I000949,O00549,P0102,2,6721.38,15
I000950,O00881,P0368,2,2392.48,5
I000951,O00933,P0192,3,3365.82,20
I000952,O00751,P0128,1,384.99,0
I000953,O00774,P0482,5,909.91,15
I000954,O00811,P0249,1,1339.87,10
I000955,O00025,P0118,2,366.85,0
I000956,O00833,P0402,4,5276.68,5
I000957,O00838,P0380,-1,704.56,20
I000958,O00740,P0361,4,259.22,20
I000959,O00620,P0471,2,854.9,20
I000960,O00812,P0201,2,6668.63,10
I000961,O00804,P0166,4,4147.61,0
I000962,O00310,P0141,4,1701.07,10
I000963,O00993,P0336,5,3824.06,10
I000964,O00440,P0048,2,7738.4,20
I000965,O00286,P0248,3,7270.56,20
I000966,O00519,P0126,4,235.98,15
I000967,O00746,P0202,3,6125.33,0
I000968,O00464,P0115,5,7804.01,15
I000969,O00790,P0119,4,3021.59,20
I000970,O00112,P0330,3,2726.24,0
I000971,O00098,P0288,2,1740.69,15
I000972,O00608,P0128,1,1216.51,20
I000973,O00859,P0243,5,5811.96,20
I000974,O00779,P0120,1,6162.53,10
I000975,O00422,P0160,3,6691.16,0
I000976,O00330,P0353,5,4829.97,0
I000977,O00275,P0354,2,6064.8,15
I000978,O00559,P0256,3,7679.85,5
I000979,O00330,P0237,4,4164.01,0
I000980,O00944,P0054,4,5624.12,15
I000981,O00131,P0388,1,1380.54,0
I000982,O00171,P0102,4,6971.02,0
I000983,O00040,P0454,4,4011.96,20
I000984,O00499,P0072,5,3403.36,0
I000985,O00304,P0061,4,7966.38,10
I000986,O00536,P0166,5,7127.41,20
I000987,O00666,P0085,2,2392.55,5
I000988,O00823,P0315,3,4203.1,10
I000989,O00484,P0237,2,7496.0,5
I000990,O00169,P0269,-1,2609.74,5
I000991,O00154,P0241,1,7947.15,0
I000992,O00320,P0360,2,1674.21,0
I000993,O00551,P0235,3,848.25,20
I000994,O00480,P0305,2,627.5,20
I000995,O00905,P0116,3,5067.69,5
I000996,O00282,P0146,4,4717.3,10
I000997,O00377,P0320,4,7481.03,20
I000998,O00555,P0329,2,712.06,5
I000999,O00106,P0375,2,2311.89,10
I001000,O00578,P0053,0,6395.39,20
I001001,O00661,P0393,4,2708.27,20
I001002,O00620,P0142,5,5381.13,15
I001003,O00215,P0087,1,6288.58,5
I001004,O00094,P0476,5,1257.28,5
I001005,O00487,P0448,1,2654.37,0
I001006,O00141,P0262,4,3460.71,15
I001007,O00335,P0155,5,6104.06,5
I001008,O00574,P0202,4,6213.97,15
I001009,O00364,P0160,5,2604.08,0
I001010,O00905,P0310,2,7647.34,10
I001011,O00729,P0074,4,4527.84,15
I001012,O00712,P0404,3,5514.4,20
I001013,O00922,P0223,3,1506.3,10
I001014,O00876,P0239,3,5855.08,5
I001015,O00632,P0287,2,3121.41,5
I001016,O00956,P0383,1,1647.11,10
I001017,O00539,P0100,1,4730.89,10
I001018,O00097,P0467,3,7334.88,20
I001019,O00944,P0007,5,2256.92,10
I001020,O00658,P0246,4,446.95,10
I001021,O00281,P0321,1,7772.01,0
I001022,O00884,P0368,4,7978.13,15
I001023,O00503,P0089,-3,7012.0,20
I001024,O00827,P0054,1,3019.32,20
I001025,O00916,P0366,2,5674.55,5
I001026,O00892,P0436,2,754.31,0
I001027,O00058,P0228,1,2582.47,20
I001028,O00285,P0437,2,5275.33,0
I001029,O00341,P0429,3,7192.12,5
I001030,O00928,P0301,3,4179.09,15
I001031,O00427,P0429,1,613.14,20
I001032,O00152,P0374,3,763.35,15
I001033,O00046,P0142,5,1669.6,20
I001034,O00420,P0089,1,2558.2,20
I001035,O00360,P0061,3,3783.39,0
I001036,O00580,P0477,4,796.48,0
I001037,O00187,P0374,1,1566.71,20
I001038,O00642,P0495,1,6157.11,0
I001039,O00223,P0327,3,3736.76,5
I001040,O00316,P0429,2,6004.53,5
I001041,O00318,P0028,4,5676.72,5
I001042,O00286,P0072,5,2592.77,5
I001043,O00856,P0097,3,7080.19,5
I001044,O00303,P0133,4,2189.91,15
I001045,O00364,P0297,3,2855.99,20
I001046,O00461,P0425,2,390.18,20
I001047,O00395,P0080,5,4592.82,15
I001048,O00356,P0331,3,1738.83,20
I001049,O00565,P0425,3,816.98,5
I001050,O00265,P0112,4,2160.68,0
I001051,O00530,P0338,2,3854.16,15
I001052,O00601,P0166,3,4553.78,20
I001053,O00923,P0018,3,5640.18,10
I001054,O00891,P0462,1,1354.13,15
I001055,O00343,P0173,1,1578.18,10
I001056,O00314,P0084,-3,1570.67,0
I001057,O00450,P0415,5,3705.92,20
I001058,O00712,P0223,4,3841.22,5
I001059,O00259,P0371,3,4847.44,15
I001060,O00695,P0206,3,417.02,5
I001061,O00782,P0479,5,952.06,15
I001062,O00793,P0138,5,3265.93,0
I001063,O00168,P0263,2,7386.59,20
I001064,O00989,P0358,5,1667.85,20
I001065,O00770,P0072,2,5340.91,0
I001066,O00994,P0047,3,6363.62,5
I001067,O00821,P0178,4,3228.35,15
I001068,O00001,P0338,2,1683.21,5
I001069,O00309,P0158,1,1558.29,5
I001070,O00448,P0047,2,1317.69,20
I001071,O00866,P0398,3,139.06,5
I001072,O00353,P0052,4,4443.65,15
I001073,O00716,P0109,4,5380.65,15
I001074,O00724,P0125,1,3161.83,10
I001075,O00782,P0479,2,3259.08,10
I001076,O00920,P0145,4,4815.82,20
I001077,O00074,P0178,4,5392.03,20
I001078,O00028,P0114,5,1507.46,5
I001079,O00378,P0186,3,4061.5,0
I001080,O00626,P0307,4,7325.23,5
I001081,O00142,P0256,2,449.56,10
I001082,O00446,P0048,3,3134.13,5
I001083,O00436,P0078,3,2557.63,15
I001084,O00036,P0134,4,1518.19,15
I001085,O00699,P0265,1,3772.89,0
I001086,O00355,P0352,1,5281.36,15
I001087,O00823,P0414,1,1370.98,5
I001088,O00589,P0260,4,5521.76,0
I001089,O00498,P0335,-2,6193.74,10
I001090,O00436,P0133,1,4868.72,15
I001091,O00515,P0191,4,5724.99,20
I001092,O00996,P0187,1,6305.41,15
I001093,O00545,P0389,4,6975.48,0
I001094,O00154,P0004,3,7590.79,20
I001095,O00265,P0102,5,6521.4,15
I001096,O00446,P0025,4,2325.54,0
I001097,O00889,P0251,4,3000.12,20
I001098,O00703,P0190,3,3463.05,10
I001099,O00786,P0420,1,4387.71,5
I001100,O00301,P0183,0,238.4,10
I001101,O00305,P0326,1,4806.65,10
I001102,O00750,P0019,5,5935.57,5
I001103,O00180,P0044,5,847.12,5
I001104,O00649,P0253,4,7152.46,10
I001105,O00996,P0235,5,2028.4,20
I001106,O00583,P0235,1,704.64,10
I001107,O00040,P0076,5,7817.06,0
I001108,O00392,P0263,1,2768.4,10
I001109,O00433,P0206,1,1553.05,10
I001110,O00739,P0335,1,6711.14,15
I001111,O00989,P0060,2,4610.07,10
I001112,O00631,P0264,5,6848.52,5
I001113,O00711,P0410,1,3056.47,15
I001114,O00221,P0390,4,2270.82,5
I001115,O00284,P0257,1,4876.52,5
I001116,O00695,P0146,3,139.9,5
I001117,O00020,P0401,4,5291.98,10
I001118,O00274,P0237,5,6343.04,10
I001119,O00100,P0114,2,242.78,10
I001120,O00227,P0033,5,2373.87,20
I001121,O00847,P0236,5,3424.04,20
I001122,O00337,P0278,-2,7445.99,0
I001123,O00352,P0175,3,2836.29,15
I001124,O00156,P0237,4,1764.04,5
I001125,O00690,P0200,3,3283.21,20
I001126,O00991,P0041,4,4534.47,10
I001127,O00086,P0107,5,3016.61,10
I001128,O00769,P0162,4,5428.56,0
I001129,O00160,P0320,5,1417.2,10
I001130,O00579,P0221,4,7967.02,0
I001131,O00770,P0499,3,4495.87,15
I001132,O00241,P0193,5,1140.41,20
I001133,O00972,P0436,1,866.14,5
I001134,O00217,P0057,5,2385.86,5
I001135,O00786,P0399,4,4445.56,10
I001136,O00770,P0112,4,7213.63,10
I001137,O00328,P0395,3,5079.18,10
I001138,O00515,P0275,5,3198.17,15
I001139,O00507,P0388,4,2361.64,15
I001140,O00161,P0474,2,3260.43,0
I001141,O00546,P0425,3,6127.19,5
I001142,O00700,P0465,1,3128.49,15
I001143,O00998,P0215,4,1592.11,0
I001144,O00634,P0115,2,4916.68,20
I001145,O00083,P0307,5,5883.97,0
I001146,O00333,P0313,2,1415.03,15
I001147,O00701,P0047,3,279.48,20
I001148,O00905,P0405,4,4461.25,5
I001149,O00871,P0468,2,3716.37,5
I001150,O00180,P0242,2,2649.52,10
I001151,O00067,P0458,1,1735.36,15
I001152,O00471,P0126,5,3604.86,5
I001153,O00816,P0091,4,4051.7,0
I001154,O00823,P0310,3,6989.48,5
I001155,O00251,P0237,-1,6014.01,15
I001156,O00888,P0267,4,6911.13,0
I001157,O00802,P0214,3,7078.52,20
I001158,O00124,P0367,5,5212.01,20
I001159,O00732,P0013,4,3898.38,0
I001160,O00300,P0416,4,6643.63,0
I001161,O00373,P0205,5,5071.22,15
I001162,O00439,P0404,1,918.62,10
I001163,O00777,P0423,5,6053.27,0
I001164,O00740,P0087,3,3361.86,10
I001165,O00146,P0468,2,6384.87,5
I001166,O00271,P0050,3,5172.08,0
I001167,O00470,P0461,4,6044.77,10
I001168,O00351,P0152,4,2712.22,15
I001169,O00717,P0133,5,2274.86,0
I001170,O00780,P0072,2,4222.06,0
I001171,O00227,P0451,3,4551.96,10
I001172,O00315,P0484,2,4584.36,10
I001173,O00487,P0366,4,5418.9,5
I001174,O00762,P0413,2,1257.56,10
I001175,O00880,P0197,3,5130.42,0
I001176,O00872,P0109,5,2493.36,20
I001177,O00013,P0133,3,5797.0,20
I001178,O00416,P0245,5,7210.03,10
I001179,O00660,P0080,5,6835.62,10
I001180,O00536,P0192,4,6936.73,15
I001181,O00664,P0087,5,3908.21,15
I001182,O00919,P0195,1,5383.08,0
I001183,O00351,P0116,3,1730.79,5
I001184,O00285,P0312,1,5234.97,10
I001185,O00511,P0236,5,7310.35,0
I001186,O00861,P0383,5,7195.26,5
I001187,O00373,P0341,1,3248.08,0
I001188,O00975,P0169,-1,2244.64,20
I001189,O00867,P0380,5,6993.66,0
I001190,O00458,P0291,5,2058.98,10
I001191,O00817,P0379,2,5548.62,5
I001192,O00234,P0354,4,1501.7,20
I001193,O00273,P0283,3,821.74,5
I001194,O00751,P0426,1,7258.51,5
I001195,O00536,P0156,1,1741.08,5
I001196,O00600,P0390,5,3870.53,0
I001197,O00550,P0452,1,2618.98,0
I001198,O00202,P0245,1,3590.99,15
I001199,O00203,P0052,5,4756.07,20
I001200,O00499,P0154,0,175.86,15
I001201,O00882,P0464,1,5787.85,15
I001202,O00797,P0330,2,4752.61,20
I001203,O00774,P0234,1,2088.81,15
I001204,O00616,P0139,4,5085.91,10
I001205,O00520,P0248,5,2341.67,10
I001206,O00271,P0445,5,2067.27,10
I001207,O00695,P0288,5,2539.55,15
I001208,O00115,P0388,2,3951.89,10
I001209,O00915,P0499,5,3817.0,5
I001210,O00184,P0034,4,5416.51,0
I001211,O00948,P0442,4,2805.21,20
I001212,O00843,P0094,2,6252.46,5
I001213,O00219,P0158,5,2512.53,20
I001214,O00484,P0053,3,7427.66,5
I001215,O00585,P0345,2,2657.75,5
I001216,O00785,P0203,2,6833.62,20
I001217,O00679,P0081,3,7657.99,15
I001218,O00670,P0305,4,6260.06,10
I001219,O00235,P0478,3,3828.66,10
I001220,O00380,P0075,3,2736.41,10
I001221,O00850,P0382,-2,2533.33,20
I001222,O00403,P0391,4,144.81,15
I001223,O00057,P0496,4,2893.53,5
I001224,O00999,P0234,3,253.89,5
I001225,O00214,P0339,3,2428.9,10
I001226,O00025,P0165,4,6348.27,10
I001227,O00572,P0287,2,6400.05,20
I001228,O00516,P0226,3,943.99,5
I001229,O00165,P0167,4,7537.8,20
I001230,O00482,P0488,1,6271.7,15
I001231,O00705,P0492,4,2073.78,20
I001232,O00601,P0193,1,901.38,10
I001233,O00283,P0276,3,3561.18,10
I001234,O00114,P0242,2,7058.71,0
I001235,O00333,P0397,4,6612.05,5
I001236,O00604,P0154,5,1679.96,0
I001237,O00449,P0126,3,4624.59,10
I001238,O00571,P0272,3,5547.6,5
I001239,O00791,P0395,1,6978.73,10
I001240,O00981,P0437,3,7250.32,15
I001241,O00766,P0453,2,1554.71,15
I001242,O00234,P0236,3,2730.8,10
I001243,O00262,P0310,1,1208.13,15
I001244,O00438,P0203,4,6404.97,20
I001245,O00062,P0468,5,3050.45,20
I001246,O00448,P0017,5,6997.34,10
I001247,O00810,P0276,4,2332.91,10
I001248,O00650,P0035,1,4565.92,20
I001249,O00800,P0058,5,1349.97,20
I001250,O00867,P0436,1,4634.01,15
I001251,O00625,P0333,2,6040.07,15
I001252,O00838,P0142,4,3665.18,5
I001253,O00667,P0170,1,1535.22,20
I001254,O00348,P0233,-3,5941.72,15
I001255,O00911,P0011,4,4640.43,0
I001256,O00639,P0425,4,249.09,5
I001257,O00331,P0219,2,2144.94,5
I001258,O00599,P0346,3,4305.68,5
I001259,O00789,P0421,5,7410.32,20
I001260,O00157,P0097,2,1728.54,5
I001261,O00104,P0014,5,4855.18,0
I001262,O00799,P0066,5,2853.3,0
I001263,O00336,P0446,3,7434.88,5
I001264,O00207,P0156,2,3451.84,10
I001265,O00239,P0480,2,6201.53,0
I001266,O00141,P0450,4,1072.57,15
I001267,O00027,P0228,2,3105.29,15
I001268,O00450,P0205,2,1724.49,15
I001269,O00605,P0418,1,833.53,5
I001270,O00519,P0468,5,5823.69,0
I001271,O00167,P0388,2,1050.83,15
I001272,O00759,P0310,3,6022.49,10
I001273,O00426,P0098,2,7882.7,20
I001274,O00369,P0245,3,4119.01,15
I001275,O00017,P0004,4,6446.95,15
I001276,O00985,P0440,1,2901.98,10
I001277,O00857,P0034,4,7572.93,10
I001278,O00235,P0360,1,5238.42,15
I001279,O00897,P0242,1,7615.34,10
I001280,O00748,P0332,3,458.42,5
I001281,O00182,P0290,1,1110.79,5
I001282,O00144,P0356,4,6122.07,0
I001283,O00611,P0411,2,6944.13,10
I001284,O00381,P0317,4,6603.68,15
I001285,O00177,P0090,5,7725.87,5
I001286,O00374,P0451,1,6313.8,0
I001287,O00510,P0105,-2,5039.97,10
I001288,O00637,P0165,1,6287.82,10
I001289,O00030,P0456,4,370.36,5
I001290,O00936,P0209,1,4361.85,20
I001291,O00740,P0269,2,1349.56,0
I001292,O00358,P0460,2,827.78,0
I001293,O00116,P0496,4,3769.02,15
I001294,O00877,P0460,5,3579.29,20
I001295,O00829,P0327,1,2560.3,15
I001296,O00922,P0463,3,1112.77,20
I001297,O00375,P0490,5,5380.61,0
I001298,O00490,P0253,5,1650.67,5
I001299,O00528,P0067,2,1881.86,0
I001300,O00762,P0049,0,2330.17,20
I001301,O00108,P0128,2,2080.3,10
I001302,O00337,P0364,4,5380.02,20
I001303,O00530,P0296,3,6103.16,5
I001304,O00336,P0217,3,5323.49,20
I001305,O00755,P0479,1,6008.69,15
I001306,O00648,P0025,2,7838.29,0
I001307,O00147,P0325,1,6699.49,5
I001308,O00166,P0204,3,192.53,15
I001309,O00496,P0440,3,1583.21,20
I001310,O00416,P0232,2,3680.23,10
I001311,O00559,P0226,1,5985.19,20
I001312,O00947,P0173,3,7973.82,5
I001313,O00262,P0175,4,6198.86,15
I001314,O00680,P0050,3,6129.83,10
I001315,O00065,P0401,3,3469.46,0
I001316,O00988,P0279,2,847.21,15
I001317,O00850,P0057,1,4448.67,10
I001318,O00130,P0448,3,2525.54,15
I001319,O00567,P0482,1,7733.71,20
I001320,O00187,P0204,-1,1219.5,5
I001321,O00795,P0009,2,5893.96,10
I001322,O00539,P0308,2,4546.78,20
I001323,O00538,P0025,5,2964.98,5
I001324,O00711,P0485,5,1417.35,5
I001325,O00103,P0349,2,5115.77,20
I001326,O00232,P0432,2,4372.49,20
I001327,O00435,P0440,2,2299.53,15
I001328,O00304,P0200,5,7778.87,15
I001329,O00480,P0165,2,5800.23,10
I001330,O00001,P0039,3,5695.89,10
I001331,O00214,P0473,5,4792.48,0
I001332,O00061,P0387,4,1208.4,15
I001333,O00843,P0083,2,3190.78,5
I001334,O00662,P0215,4,4772.19,5
I001335,O00855,P0180,1,1887.81,10
I001336,O00144,P0458,4,1075.42,20
I001337,O00968,P0345,2,1726.07,5
I001338,O00689,P0142,3,185.08,0
I001339,O00534,P0160,5,910.64,20
I001340,O00483,P0119,4,2460.7,0
I001341,O00555,P0381,5,3689.5,0
I001342,O00902,P0387,3,7014.36,0
I001343,O00391,P0430,3,991.42,15
I001344,O00437,P0300,2,7022.31,15
I001345,O00777,P0150,2,4230.43,0
I001346,O00750,P0309,5,6934.17,5
I001347,O00891,P0436,4,6710.0,15
I001348,O00432,P0030,1,6934.82,10
I001349,O00863,P0371,3,7247.38,20
I001350,O00337,P0215,3,7866.38,0
I001351,O00014,P0052,4,2017.68,15
I001352,O00227,P0303,4,5358.47,0
I001353,O00800,P0424,-3,4892.46,20
I001354,O00385,P0311,5,6976.11,15
I001355,O00044,P0309,1,4763.71,0
I001356,O00590,P0049,1,7737.16,5
I001357,O00370,P0298,5,3432.45,15
I001358,O00736,P0382,1,2843.71,15
I001359,O00873,P0236,5,6920.95,0
I001360,O00963,P0205,4,5385.64,0
I001361,O00222,P0291,2,290.74,10
I001362,O00102,P0150,4,6434.97,15
I001363,O00870,P0457,3,2932.85,10
I001364,O00361,P0499,2,2285.4,0
I001365,O00333,P0235,3,6172.03,5
I001366,O00215,P0286,5,5221.47,15
I001367,O00772,P0179,2,6773.29,0
I001368,O00342,P0181,5,4352.05,5
I001369,O00325,P0425,3,900.26,0
I001370,O00655,P0208,3,5012.22,5
I001371,O00775,P0196,2,2190.98,15
I001372,O00360,P0173,4,7176.66,5
I001373,O00983,P0087,3,225.83,5
I001374,O00596,P0159,5,5631.8,20
I001375,O00304,P0388,5,4352.21,15
I001376,O00634,P0357,1,1669.09,0
I001377,O00729,P0307,4,6832.45,5
I001378,O00734,P0175,5,2895.02,5
I001379,O00944,P0198,1,6775.57,10
I001380,O00629,P0292,1,2658.31,5
I001381,O00454,P0423,1,2042.64,5
I001382,O00684,P0141,1,4006.49,5
I001383,O00252,P0449,2,3578.81,5
I001384,O00149,P0007,3,2025.07,0
I001385,O00879,P0314,4,6719.65,15
I001386,O00570,P0283,-1,3357.36,20
I001387,O00595,P0205,5,7119.97,15
I001388,O00765,P0134,3,6447.07,10
I001389,O00442,P0190,3,7210.42,5
I001390,O00328,P0277,3,708.62,5
I001391,O00330,P0441,2,6384.9,20
I001392,O00132,P0050,5,5696.0,20
I001393,O00322,P0054,5,1899.81,10
I001394,O00735,P0360,5,6586.51,5
I001395,O00477,P0138,5,6709.25,15
I001396,O00634,P0225,4,4769.4,0
I001397,O00977,P0088,1,4523.67,20
I001398,O00666,P0030,3,3865.35,5
I001399,O00066,P0350,3,616.76,10
I001400,O00584,P0130,0,5737.54,15
I001401,O00442,P0361,2,7891.03,5
I001402,O00678,P0232,3,4353.33,10
I001403,O00339,P0120,5,6407.49,20
I001404,O00969,P0209,2,6153.77,20
I001405,O00323,P0442,1,7770.02,0
I001406,O00730,P0387,3,4740.84,0
I001407,O00629,P0033,5,3368.32,5
I001408,O00751,P0100,2,7840.28,5
I001409,O00856,P0093,1,5230.32,15
I001410,O00747,P0062,3,803.94,15
I001411,O00588,P0359,4,6458.82,15
I001412,O00714,P0243,2,6793.4,5
I001413,O00099,P0160,3,1501.55,15
I001414,O00901,P0130,4,816.8,10
I001415,O00412,P0103,2,2874.49,0
I001416,O00348,P0232,1,4238.55,0
I001417,O00901,P0311,1,7857.88,0
I001418,O00700,P0192,1,1431.25,20
I001419,O00013,P0003,-2,2519.48,20
I001420,O00577,P0192,1,7650.12,5
I001421,O00652,P0318,4,1536.11,5
I001422,O01000,P0177,1,6989.57,5
I001423,O00615,P0192,5,1497.73,15
I001424,O00724,P0434,2,4107.9,15
I001425,O00032,P0319,1,7488.82,0
I001426,O00827,P0479,3,7486.76,0
I001427,O00358,P0350,2,4761.84,5
I001428,O00922,P0052,4,1625.96,5
I001429,O00628,P0472,3,7508.76,20
I001430,O00852,P0200,4,7557.69,20
I001431,O00068,P0174,2,2988.98,5
I001432,O00984,P0419,4,1587.89,15
I001433,O00043,P0184,1,7341.22,15
I001434,O00831,P0432,5,880.36,20
I001435,O00094,P0340,3,7303.75,20
I001436,O00589,P0360,5,4221.22,20
I001437,O00659,P0103,3,2630.5,15
I001438,O00782,P0102,3,7559.55,15
I001439,O00414,P0223,4,750.87,0
I001440,O00504,P0054,3,4533.9,20
I001441,O00399,P0157,4,7939.07,10
I001442,O00790,P0351,1,4267.65,0
I001443,O00193,P0485,1,2526.25,20
I001444,O00766,P0461,5,4388.02,10
I001445,O00757,P0025,5,320.91,10
I001446,O00395,P0097,3,7717.08,0
I001447,O00844,P0423,4,5934.47,20
I001448,O00870,P0092,5,3029.51,0
I001449,O00933,P0110,1,3712.15,5
I001450,O00914,P0114,3,676.41,5
I001451,O00508,P0106,5,5159.33,0
I001452,O00047,P0473,-1,7212.53,0
I001453,O00947,P0149,1,7244.73,10
I001454,O00182,P0200,2,3037.09,15
I001455,O00046,P0080,2,4830.14,20
I001456,O00685,P0133,4,5475.13,10
I001457,O00210,P0482,3,3332.71,0
I001458,O00426,P0422,4,3079.34,5
I001459,O00837,P0399,4,2102.06,0
I001460,O00642,P0355,4,430.21,15
I001461,O00132,P0340,2,657.14,0
I001462,O00119,P0082,4,625.35,20
I001463,O00336,P0086,3,7647.01,15
I001464,O00292,P0275,3,2349.17,20
I001465,O00268,P0056,1,3219.76,5
I001466,O00974,P0045,5,6786.99,5
I001467,O00131,P0266,1,3804.76,0
I001468,O00115,P0118,1,6681.45,5
I001469,O00086,P0391,1,2009.84,20
I001470,O00380,P0225,2,3591.99,0
I001471,O00679,P0479,5,6157.64,5
I001472,O00787,P0108,3,445.69,0
I001473,O00972,P0079,3,6889.95,10
I001474,O00944,P0090,3,3750.08,0
I001475,O00401,P0195,2,7579.89,20
I001476,O00066,P0116,2,5054.99,10
I001477,O00674,P0370,4,299.95,15
I001478,O00072,P0432,2,4853.11,10
I001479,O00571,P0083,2,4422.27,10
I001480,O00059,P0058,1,3338.4,20
I001481,O00018,P0317,2,5820.23,10
I001482,O00380,P0020,2,7222.0,5
I001483,O00007,P0196,1,4545.42,15
I001484,O00788,P0291,1,6870.32,0
I001485,O00578,P0280,-1,5226.01,15
I001486,O00960,P0293,4,2331.5,20
I001487,O00397,P0231,2,5494.76,20
I001488,O00257,P0177,4,3885.12,5
I001489,O00466,P0275,3,1868.33,10
I001490,O00653,P0375,2,7708.01,15
I001491,O00264,P0452,2,3007.82,0
I001492,O00443,P0413,3,1237.47,15
I001493,O00421,P0364,5,6828.3,15
I001494,O00129,P0431,3,1744.0,15
I001495,O00432,P0453,4,3738.59,15
I001496,O00455,P0488,4,3761.79,10
I001497,O00334,P0341,4,1151.61,20
I001498,O00211,P0126,2,5729.46,20
I001499,O00200,P0486,5,2970.98,15
I001500,O00562,P0442,0,3061.05,10
I001501,O00219,P0202,2,3814.84,20
I001502,O00668,P0232,3,7246.94,20
I001503,O00423,P0027,2,1815.71,20
I001504,O00912,P0081,4,7503.26,15
I001505,O00185,P0483,4,288.3,5
I001506,O00396,P0291,2,2259.23,20
I001507,O00788,P0080,4,4643.05,5
I001508,O00155,P0211,3,3801.78,5
I001509,O00781,P0477,4,2598.1,20
I001510,O00544,P0377,1,5441.9,0
I001511,O00088,P0011,1,7369.36,0
I001512,O00340,P0437,1,2575.02,10
I001513,O00208,P0381,2,7667.86,10
I001514,O00861,P0034,3,5023.53,10
I001515,O00598,P0464,4,3853.19,5
I001516,O00297,P0156,1,6438.45,5
I001517,O00923,P0451,2,1389.73,0
I001518,O00546,P0467,-2,1350.42,20
I001519,O00644,P0241,3,5550.71,5
I001520,O01000,P0059,2,7282.56,0
I001521,O00774,P0021,2,7053.83,15
I001522,O00389,P0245,2,6160.39,20
I001523,O00705,P0419,3,7454.44,20
I001524,O00586,P0094,4,7162.51,15
I001525,O00970,P0344,5,2816.25,10
I001526,O00088,P0454,3,644.23,5
I001527,O00640,P0154,4,7342.44,0
I001528,O00958,P0405,2,7696.44,10
I001529,O00300,P0365,1,2902.22,15
I001530,O00017,P0319,5,3400.14,5
I001531,O00374,P0436,3,1616.98,10
I001532,O00533,P0463,1,3967.91,5
I001533,O00054,P0333,2,5634.07,10
I001534,O00460,P0222,3,419.6,15
I001535,O00676,P0042,3,4455.07,5
I001536,O00893,P0475,5,184.36,20
I001537,O00020,P0155,4,1677.17,15
I001538,O00390,P0199,1,5592.78,10
I001539,O00714,P0193,3,2997.67,20
I001540,O00875,P0402,4,3316.84,10
I001541,O00136,P0483,3,5781.03,20
I001542,O00198,P0251,3,2206.71,15
I001543,O00941,P0344,1,6463.25,10
I001544,O00883,P0261,1,281.76,5
I001545,O00826,P0391,1,2019.39,5
I001546,O00383,P0034,2,4618.08,5
I001547,O00798,P0045,1,176.2,0
I001548,O00755,P0414,3,6974.26,20
I001549,O00073,P0080,5,5046.4,15
I001550,O00647,P0448,3,6310.44,0
I001551,O00628,P0063,-3,1195.85,0
I001552,O00191,P0047,1,130.34,5
I001553,O00216,P0026,1,3156.52,20
I001554,O00198,P0244,2,5695.08,15
I001555,O00620,P0362,2,3806.76,20
I001556,O00886,P0441,1,3595.88,20
I001557,O00007,P0041,2,7796.1,10
I001558,O00148,P0450,5,4645.93,5
I001559,O00717,P0064,1,1586.77,10
I001560,O00775,P0117,2,3217.88,20
I001561,O00304,P0308,4,4102.57,10
I001562,O00224,P0219,3,6613.3,5
I001563,O00544,P0004,3,2323.45,5
I001564,O00067,P0032,1,4001.99,0
I001565,O00635,P0387,4,731.62,15
I001566,O00013,P0382,1,2615.34,10
I001567,O00715,P0349,5,5457.74,0
I001568,O00583,P0135,3,3661.22,15
I001569,O00380,P0256,3,6130.96,10
I001570,O00560,P0382,2,1902.08,5
I001571,O00044,P0354,3,3336.89,15
I001572,O00333,P0473,4,3762.63,15
I001573,O00464,P0079,2,5929.09,15
I001574,O00430,P0487,1,6999.56,10
I001575,O00391,P0446,2,3255.4,0
I001576,O00445,P0406,2,1293.21,5
I001577,O00223,P0049,1,3191.2,5
I001578,O00278,P0173,2,271.28,15
I001579,O00163,P0156,5,2293.59,5
I001580,O00499,P0311,4,3519.56,5
I001581,O00500,P0497,1,2891.62,0
I001582,O00069,P0488,3,5677.59,20
I001583,O00297,P0073,2,4198.23,15
I001584,O00823,P0111,-2,202.44,10
I001585,O00647,P0082,3,5080.63,20
I001586,O00440,P0314,1,4833.01,20
I001587,O00289,P0175,3,6476.28,5
I001588,O00379,P0290,4,598.69,15
I001589,O00379,P0214,2,1754.7,10
I001590,O00705,P0120,3,5107.58,15
I001591,O00806,P0144,5,2791.98,10
I001592,O00716,P0100,2,7727.24,20
I001593,O00995,P0467,2,5694.03,20
I001594,O00243,P0417,2,3959.84,15
I001595,O00912,P0010,3,4136.59,0
I001596,O00394,P0385,2,5026.5,0
I001597,O00542,P0252,4,4860.54,10
I001598,O00069,P0231,4,6241.72,10
I001599,O00729,P0074,3,6797.4,0
I001600,O00486,P0127,0,5101.25,10
I001601,O00365,P0423,5,3912.17,5
I001602,O00803,P0140,3,3929.11,10
I001603,O00620,P0453,5,1680.46,5
I001604,O00981,P0473,5,4880.14,10
I001605,O00752,P0032,2,4235.67,20
I001606,O00290,P0128,4,3441.63,0
I001607,O00306,P0134,2,1238.07,0
I001608,O00030,P0334,4,721.81,15
I001609,O00795,P0466,2,3628.81,15
I001610,O00569,P0081,5,3608.7,10
I001611,O00111,P0480,3,3701.95,5
I001612,O00724,P0311,4,2349.63,20
I001613,O00132,P0166,1,1078.93,10
I001614,O00566,P0245,3,1219.85,15
I001615,O00564,P0014,4,5205.99,15
I001616,O00183,P0168,5,6704.98,0
I001617,O00660,P0145,-3,6076.28,0
I001618,O00905,P0262,1,5809.94,5
I001619,O00509,P0033,1,1205.3,0
I001620,O00536,P0084,2,825.69,10
I001621,O00996,P0183,3,741.15,10
I001622,O00769,P0036,4,3264.42,0
I001623,O00538,P0214,4,5587.23,20
I001624,O00843,P0046,2,3643.14,0
I001625,O00782,P0467,3,1896.43,0
I001626,O00661,P0350,5,291.38,5
I001627,O00491,P0022,1,1830.11,5
I001628,O00973,P0079,2,4054.61,10
I001629,O00397,P0388,4,252.12,10
I001630,O00505,P0013,4,4445.25,0
I001631,O00205,P0302,1,1749.81,20
I001632,O00504,P0004,3,5644.41,20
I001633,O00903,P0189,5,7198.77,5
I001634,O00407,P0109,2,4336.22,20
I001635,O00289,P0137,5,3056.97,15
I001636,O00164,P0428,2,6057.95,10
I001637,O00343,P0101,3,7193.63,15
I001638,O00123,P0334,3,3668.03,15
I001639,O00618,P0496,5,6183.13,5
I001640,O00190,P0058,1,3160.87,0
I001641,O00761,P0478,2,1681.13,20
I001642,O00754,P0383,3,6680.14,5
I001643,O00908,P0304,3,2951.41,0
I001644,O00664,P0321,2,4578.09,10
I001645,O00223,P0262,1,2548.22,5
I001646,O00850,P0093,3,1730.19,15
I001647,O00738,P0168,4,7875.41,20
I001648,O00772,P0085,4,3893.39,20
I001649,O00293,P0408,2,713.63,0
I001650,O00906,P0001,-3,495.22,0
I001651,O00970,P0141,1,2497.23,15
I001652,O00747,P0291,2,868.14,10
I001653,O00221,P0331,2,7770.43,10
I001654,O00078,P0144,4,5263.65,10
I001655,O00789,P0018,1,2486.2,10
I001656,O00468,P0477,2,1050.57,0
I001657,O00902,P0477,4,1479.19,0
I001658,O00089,P0372,2,3696.43,20
I001659,O00712,P0286,3,2233.53,20
I001660,O00492,P0033,2,1802.26,15
I001661,O00695,P0194,1,393.57,15
I001662,O00851,P0239,4,1482.68,0
I001663,O00591,P0460,1,5287.22,10
I001664,O00727,P0145,4,1701.32,10
I001665,O00025,P0344,3,7709.2,5
I001666,O00241,P0354,4,6501.8,0
I001667,O00895,P0289,4,4515.66,15
I001668,O00811,P0119,1,2363.49,0
I001669,O00613,P0189,4,6583.64,20
I001670,O00168,P0192,3,5836.97,20
I001671,O00150,P0165,3,3315.31,20
I001672,O00412,P0191,4,7869.75,10
I001673,O00152,P0417,4,5438.11,15
I001674,O00369,P0493,4,782.92,10
I001675,O00907,P0071,3,7405.28,15
I001676,O00462,P0386,5,6908.22,5
I001677,O00912,P0022,3,4100.19,5
I001678,O00614,P0175,5,5098.31,5
I001679,O00872,P0409,5,1202.22,5
I001680,O00845,P0355,4,745.77,15
I001681,O00902,P0058,5,4397.57,20
I001682,O00107,P0295,1,2112.27,20
I001683,O00681,P0483,-3,1891.58,10
I001684,O00501,P0060,3,5881.65,10
I001685,O00562,P0480,4,4232.66,15
I001686,O00225,P0296,3,6023.63,0
I001687,O00232,P0328,4,1330.04,5
I001688,O00734,P0001,5,6419.49,15
I001689,O00148,P0469,1,5590.01,10
I001690,O00248,P0387,4,2492.58,5
I001691,O00555,P0327,1,7617.25,5
I001692,O00025,P0009,1,2436.69,5
I001693,O00191,P0424,1,629.47,15
I001694,O00974,P0061,4,7564.51,15
I001695,O00011,P0358,5,2471.7,15
I001696,O00384,P0107,3,3485.34,20
I001697,O00942,P0245,5,4787.36,15
I001698,O00033,P0256,3,2876.83,10
I001699,O00718,P0243,4,6048.05,0
I001700,O00433,P0353,0,4999.83,10
I001701,O00972,P0498,4,7957.64,15
I001702,O00040,P0493,4,6096.49,0
I001703,O00487,P0130,5,827.19,5
I001704,O00742,P0426,1,3692.02,10
I001705,O00248,P0310,4,371.3,10
I001706,O00566,P0398,4,1810.79,15
I001707,O00098,P0006,2,4788.09,0
I001708,O00958,P0260,4,645.89,5
I001709,O00475,P0141,5,3166.61,20
I001710,O00670,P0371,1,2100.31,0
I001711,O00715,P0265,4,1473.96,15
I001712,O00301,P0438,2,414.55,20
I001713,O00340,P0219,1,5525.78,0
I001714,O00204,P0247,4,2067.44,15
I001715,O00795,P0382,2,6202.46,0
I001716,O00310,P0094,-2,6937.97,20
I001717,O00866,P0253,2,5739.24,0
I001718,O00104,P0085,2,1142.79,20
I001719,O00577,P0013,4,4019.55,15
I001720,O00022,P0363,5,7191.75,10
I001721,O00651,P0279,1,3407.13,0
I001722,O00286,P0224,5,5646.18,0
I001723,O00067,P0045,3,7034.47,10
I001724,O00487,P0206,5,7362.27,5
I001725,O00124,P0013,2,782.38,5
I001726,O00681,P0101,4,5312.91,20
I001727,O00383,P0286,3,3875.25,5
I001728,O00597,P0212,1,4521.37,5
I001729,O00208,P0076,3,1152.4,15
I001730,O00012,P0191,1,4130.55,0
I001731,O00116,P0269,3,4726.03,0
I001732,O00311,P0451,2,2624.28,5
I001733,O00882,P0246,2,1590.47,15
I001734,O00490,P0246,2,882.47,15
I001735,O00567,P0325,5,6883.67,0
I001736,O00150,P0342,2,6876.98,5
I001737,O00882,P0390,1,3873.74,0
I001738,O00580,P0085,2,5052.83,15
I001739,O00860,P0321,3,7507.11,10
I001740,O00417,P0031,4,438.98,10
I001741,O00800,P0203,1,1621.58,10
I001742,O00401,P0231,5,6707.34,5
I001743,O00767,P0465,2,3886.99,20
I001744,O00911,P0209,2,2006.59,20
I001745,O00295,P0255,1,3518.66,0
I001746,O00428,P0034,5,770.26,5
I001747,O00792,P0329,1,3019.22,15
I001748,O00288,P0238,3,2497.63,20
I001749,O00620,P0168,-2,4140.38,15
I001750,O00776,P0447,5,5592.47,20
I001751,O00614,P0339,5,1184.41,10
I001752,O00094,P0355,4,7804.29,20
I001753,O00530,P0316,1,2087.58,10
I001754,O00957,P0139,3,4796.03,5
I001755,O00321,P0475,3,7267.02,20
I001756,O00196,P0179,3,1615.59,10
I001757,O00531,P0347,4,2300.32,20
I001758,O00435,P0343,2,6169.68,5
I001759,O00822,P0395,3,1600.73,10
I001760,O00730,P0278,5,2637.03,15
I001761,O00596,P0267,2,1025.97,10
I001762,O00654,P0127,2,4825.24,10
I001763,O00188,P0455,4,3062.49,15
I001764,O00496,P0368,3,7466.62,15
I001765,O00551,P0175,2,2112.33,0
I001766,O00259,P0064,4,6523.6,15
I001767,O00004,P0035,2,6514.73,10
I001768,O00951,P0254,4,7484.53,20
I001769,O00598,P0421,3,4137.84,15
I001770,O00204,P0137,1,7854.46,15
I001771,O00610,P0056,4,3553.66,10
I001772,O00123,P0072,2,1071.04,0
I001773,O00043,P0434,1,2291.11,20
I001774,O00549,P0138,2,6292.58,15
I001775,O00210,P0021,5,573.05,0
I001776,O00346,P0320,3,2345.09,5
I001777,O00237,P0113,5,4868.92,10
I001778,O00951,P0283,3,6742.07,5
I001779,O00024,P0284,5,2602.07,5
I001780,O00176,P0413,4,1704.82,20
I001781,O00018,P0489,2,820.3,20
I001782,O00998,P0139,-1,855.9,15
I001783,O00227,P0124,4,4915.9,5
I001784,O00940,P0113,3,948.36,5
I001785,O00688,P0158,4,4679.14,20
I001786,O00870,P0198,4,1785.76,0
I001787,O00868,P0042,4,5728.16,15
I001788,O00154,P0379,4,6819.63,15
I001789,O00024,P0278,3,1720.52,15
I001790,O00448,P0405,5,2804.08,0
I001791,O00512,P0260,5,3164.42,15
I001792,O00622,P0106,3,1241.67,0
I001793,O00616,P0429,4,1430.22,15
I001794,O00213,P0112,3,2890.8,10
I001795,O00255,P0367,3,7197.78,15
I001796,O00615,P0450,4,7689.18,20
I001797,O00250,P0331,1,3672.74,0
I001798,O00399,P0293,3,2940.21,0
I001799,O00503,P0224,4,7282.59,0
I001800,O00448,P0131,0,1905.6,10
I001801,O00934,P0134,4,1348.98,5
I001802,O00875,P0300,5,4832.93,5
I001803,O00867,P0019,4,2980.12,5
I001804,O00093,P0363,2,829.78,20
I001805,O00052,P0129,1,4249.51,10
I001806,O00464,P0077,3,1218.91,15
I001807,O00286,P0446,2,1909.8,10
I001808,O00171,P0267,1,1931.34,0
I001809,O00636,P0027,5,5271.51,5
I001810,O00296,P0281,4,7541.93,5
I001811,O00242,P0009,2,4860.81,0
I001812,O00069,P0396,1,2225.45,5
I001813,O00547,P0064,4,4472.17,10
I001814,O00741,P0092,2,4315.89,5
I001815,O00252,P0403,-2,6857.72,10
I001816,O00526,P0417,1,4057.21,0
I001817,O00404,P0070,2,481.92,5
I001818,O00867,P0068,2,6907.34,10
I001819,O00588,P0401,3,3753.0,15
I001820,O00180,P0364,1,5736.09,5
I001821,O00656,P0311,1,629.88,15
I001822,O00140,P0001,3,3740.1,15
I001823,O00694,P0387,4,4447.49,15
I001824,O00911,P0269,4,7700.63,20
I001825,O00363,P0403,5,4662.03,15
I001826,O00770,P0129,5,7501.27,5
I001827,O00516,P0440,4,1097.29,0
I001828,O00212,P0038,5,7958.25,10
I001829,O00119,P0310,4,3122.32,10
I001830,O00383,P0013,3,3949.05,0
I001831,O00221,P0223,2,3654.53,20
I001832,O00810,P0389,2,5227.66,10
I001833,O00406,P0126,2,229.39,5
I001834,O00926,P0225,3,3945.53,15
I001835,O00730,P0239,3,7070.83,15
I001836,O00134,P0213,1,2038.39,5
I001837,O00919,P0328,1,2433.8,0
I001838,O00359,P0239,4,7107.67,15
I001839,O00080,P0307,3,2902.72,20
I001840,O00565,P0245,1,7478.42,15
I001841,O00070,P0181,3,1628.49,20
I001842,O00170,P0006,1,1252.92,20
I001843,O00277,P0031,1,4125.1,20
I001844,O00381,P0013,4,3286.96,20
I001845,O00472,P0178,5,2679.7,10
I001846,O00053,P0411,5,4726.41,15
I001847,O00777,P0250,4,6132.75,0
I001848,O00683,P0400,-3,6016.6,20
I001849,O00069,P0496,2,7470.29,15
I001850,O00339,P0339,4,5878.45,10
I001851,O00148,P0073,2,836.2,15
I001852,O00283,P0202,2,430.94,10
I001853,O00013,P0489,2,1636.5,20
I001854,O00199,P0214,2,3472.6,20
I001855,O00262,P0470,2,104.48,0
I001856,O00168,P0440,1,2197.51,15
I001857,O00806,P0034,2,3799.62,5
I001858,O00948,P0345,4,1002.47,15
I001859,O00832,P0461,3,4972.71,10
I001860,O00872,P0241,3,4658.64,20
I001861,O00911,P0462,3,5089.04,10
I001862,O00540,P0080,5,4208.38,10
I001863,O00826,P0305,2,1886.97,0
I001864,O00445,P0248,3,2692.41,20
I001865,O00308,P0256,4,505.16,20
I001866,O00308,P0411,3,941.32,5
I001867,O00569,P0115,2,7057.89,5
I001868,O00476,P0464,2,7415.81,20
I001869,O00518,P0186,4,5965.94,15
I001870,O00581,P0170,3,740.92,5
I001871,O00639,P0247,1,6222.23,0
I001872,O00447,P0208,4,1316.96,15
I001873,O00032,P0171,3,1033.99,5
I001874,O00499,P0451,4,7429.9,15
I001875,O00603,P0110,4,3497.83,5
I001876,O00294,P0125,5,6455.78,10
I001877,O00164,P0307,3,4788.22,0
I001878,O00104,P0043,1,6389.93,0
I001879,O00154,P0277,4,3991.92,0
I001880,O00957,P0497,2,7935.51,0
I001881,O00483,P0091,-1,2402.24,10
I001882,O00696,P0352,3,5361.86,0
I001883,O00042,P0085,3,2708.12,0
I001884,O00597,P0043,1,4953.47,5
I001885,O00809,P0088,4,6611.11,15
I001886,O00111,P0137,5,2402.28,20
I001887,O00074,P0426,5,2347.11,0
I001888,O00474,P0311,3,1343.41,20
I001889,O00099,P0255,5,1867.96,10
I001890,O00033,P0202,3,5353.57,15
I001891,O00830,P0232,3,7618.47,10
I001892,O00301,P0335,4,3401.96,5
I001893,O00814,P0434,3,5363.42,5
I001894,O00247,P0237,2,5655.55,0
I001895,O00082,P0031,5,7013.62,5
I001896,O00111,P0230,2,1279.68,0
I001897,O00290,P0395,3,5533.03,20
I001898,O00245,P0368,4,3539.15,0
I001899,O00953,P0330,5,5862.11,10
I001900,O00960,P0364,0,7175.16,0
I001901,O00373,P0081,4,1612.76,0
I001902,O00051,P0017,3,3177.52,15
I001903,O00475,P0338,4,6291.43,10
I001904,O00461,P0069,3,5987.72,15
I001905,O00675,P0162,5,6958.26,5
I001906,O00008,P0446,2,7638.89,15
I001907,O00096,P0250,3,1270.53,5
I001908,O00246,P0263,5,4013.33,10
I001909,O00930,P0104,2,3401.17,0
I001910,O00647,P0185,3,6421.65,10
I001911,O00346,P0002,1,3914.11,20
I001912,O00207,P0109,2,2726.89,20
I001913,O00281,P0272,4,7127.73,20
I001914,O00628,P0475,-1,3536.01,0
I001915,O00466,P0494,5,4422.27,20
I001916,O00774,P0234,1,2347.44,0
I001917,O00418,P0302,1,3848.69,15
I001918,O00952,P0238,5,4617.99,10
I001919,O00855,P0303,2,3649.24,10
I001920,O00913,P0334,1,6552.22,20
I001921,O00261,P0203,3,133.85,5
I001922,O00042,P0114,4,1987.94,0
I001923,O00441,P0025,1,6438.89,10
I001924,O00549,P0417,5,7525.34,0
I001925,O00514,P0445,3,6174.32,0
I001926,O00509,P0298,2,4319.31,20
I001927,O00295,P0400,1,6856.35,15
I001928,O00575,P0372,3,1500.17,5
I001929,O00015,P0351,4,729.45,5
I001930,O00970,P0246,1,885.73,10
I001931,O00174,P0337,3,5407.31,15
I001932,O00166,P0464,4,1712.34,5
I001933,O00371,P0050,3,2544.99,20
I001934,O00709,P0281,1,702.18,5
I001935,O00895,P0063,1,7633.33,0
I001936,O00798,P0395,3,7724.64,0
I001937,O00784,P0232,3,1059.37,20
I001938,O00477,P0262,1,3901.81,20
I001939,O00285,P0403,1,2914.45,0
I001940,O00362,P0091,4,6472.15,20
I001941,O00968,P0129,1,7296.27,20
I001942,O00824,P0497,1,7937.77,5
I001943,O00150,P0176,2,4224.48,20
I001944,O00199,P0246,3,335.33,15
I001945,O00812,P0388,4,918.2,20
I001946,O00795,P0416,4,1777.64,5
I001947,O00636,P0327,-3,6007.1,0
I001948,O01000,P0382,2,6692.64,15
I001949,O00571,P0395,4,3159.48,10
I001950,O00204,P0461,1,387.4,5
I001951,O00004,P0293,3,235.26,10
I001952,O00665,P0174,4,6022.89,0
I001953,O00993,P0162,4,773.28,0
I001954,O00609,P0267,5,6152.39,20
I001955,O00140,P0243,4,4473.32,20
I001956,O00744,P0390,3,1046.05,0
I001957,O00806,P0428,3,2043.7,20
I001958,O00842,P0218,3,407.62,0
I001959,O00057,P0481,3,5352.11,5
I001960,O00713,P0133,4,7994.32,10
I001961,O00349,P0436,4,7852.35,20
I001962,O00373,P0039,4,2536.24,10
I001963,O00417,P0012,1,7851.91,10
I001964,O00190,P0365,1,6969.09,20
I001965,O00618,P0307,1,2964.0,0
I001966,O00999,P0136,3,2614.66,0
I001967,O00188,P0296,2,4699.6,0
I001968,O00238,P0026,3,2560.76,20
I001969,O00773,P0278,1,6511.46,20
I001970,O00958,P0296,5,2447.93,20
I001971,O00674,P0153,1,7173.07,0
I001972,O00320,P0471,4,834.44,10
I001973,O00276,P0380,1,1181.44,0
I001974,O00972,P0484,5,131.67,15
I001975,O00044,P0241,3,3307.31,0
I001976,O00271,P0082,5,7523.29,5
I001977,O00084,P0172,2,1562.52,20
I001978,O00718,P0444,1,5083.63,0
I001979,O00482,P0112,2,1438.02,20
I001980,O00245,P0209,-3,4231.5,10
I001981,O00591,P0407,2,3991.96,5
I001982,O00061,P0221,2,4944.74,15
I001983,O00198,P0423,5,2412.38,5
I001984,O00415,P0499,5,3351.19,20
I001985,O00295,P0138,2,4969.44,0
I001986,O00724,P0216,3,5221.87,15
I001987,O00002,P0059,4,4766.83,10
I001988,O00708,P0066,5,1556.43,20
I001989,O00123,P0496,2,1146.34,0
I001990,O00237,P0128,1,5876.89,15
I001991,O00137,P0495,2,2284.74,0
I001992,O00589,P0002,2,5766.17,0
I001993,O00424,P0055,3,1730.03,5
I001994,O00151,P0371,1,6963.53,10
I001995,O00421,P0194,5,5474.48,15
I001996,O00680,P0104,2,1733.57,10
I001997,O00193,P0446,2,3970.32,10
I001998,O00448,P0026,3,124.15,15
I001999,O00163,P0032,1,6011.76,20
I002000,O00297,P0105,0,972.29,10
